sparsity,seed,policy,utility,cost,budget,budget_violated,oracle_utility,regret
0.1,0,react_capped,0.35217128591902913,176.5040284258293,142.1105743999624,1,0.968459746802703,0.6162884608836738
0.1,0,bwk_vanilla,0.6268564326112185,94.8274899612125,142.1105743999624,0,0.968459746802703,0.3416033141914845
0.1,0,cbuc,0.20458038999301564,14.909365531267989,142.1105743999624,0,0.968459746802703,0.7638793568096873
0.1,0,cbuc_aggr,0.2642025974294696,5.7001844731869875,142.1105743999624,0,0.968459746802703,0.7042571493732334
0.1,1,react_capped,0.7758530311828893,68.69412885941719,141.7400947549034,0,0.8541688506385383,0.07831581945564903
0.1,1,bwk_vanilla,0.7687606446253581,92.03656145897601,141.7400947549034,0,0.8541688506385383,0.08540820601318022
0.1,1,cbuc,0.9239923475702713,21.908651147721734,141.7400947549034,0,0.8541688506385383,-0.06982349693173295
0.1,1,cbuc_aggr,0.9430920384054371,15.214320229214454,141.7400947549034,0,0.8541688506385383,-0.08892318776689878
0.1,2,react_capped,0.35574514037970417,58.1184062177217,135.51510178554867,0,0.9174258302637412,0.5616806898840371
0.1,2,bwk_vanilla,0.6804421407228771,117.75346344732282,135.51510178554867,0,0.9174258302637412,0.23698368954086413
0.1,2,cbuc,0.20122501522961367,9.455412075803082,135.51510178554867,0,0.9174258302637412,0.7162008150341276
0.1,2,cbuc_aggr,0.23479134917143352,8.39516761768295,135.51510178554867,0,0.9174258302637412,0.6826344810923077
0.1,3,react_capped,0.9142618868339437,153.08792710669903,149.15543402467856,1,0.9169782623127033,0.0027163754787595806
0.1,3,bwk_vanilla,0.6496517570183276,102.97751166005091,149.15543402467856,0,0.9169782623127033,0.26732650529437574
0.1,3,cbuc,0.1355177615611588,11.083835849336387,149.15543402467856,0,0.9169782623127033,0.7814605007515445
0.1,3,cbuc_aggr,0.2347964466564405,7.044189253476904,149.15543402467856,0,0.9169782623127033,0.6821818156562628
0.1,4,react_capped,0.8313296768548998,66.38389382335158,128.13352683311908,0,0.8828752862394343,0.05154560938453456
0.1,4,bwk_vanilla,0.8483523258651748,70.09959645439442,128.13352683311908,0,0.8828752862394343,0.034522960374259504
0.1,4,cbuc,0.9996536473691972,46.35806988760199,128.13352683311908,0,0.8828752862394343,-0.11677836112976281
0.1,4,cbuc_aggr,0.2652845476782839,7.439786928083832,128.13352683311908,0,0.8828752862394343,0.6175907385611504
0.1,5,react_capped,0.5687574455159183,70.51396067549729,145.7262839826023,0,0.848438579058495,0.2796811335425766
0.1,5,bwk_vanilla,0.8396347869205438,95.21015755397593,145.7262839826023,0,0.848438579058495,0.008803792137951127
0.1,5,cbuc,0.614806103012397,26.754165564511784,145.7262839826023,0,0.848438579058495,0.23363247604609794
0.1,5,cbuc_aggr,0.9558725483023469,96.08415583016644,145.7262839826023,0,0.848438579058495,-0.10743396924385196
0.1,6,react_capped,0.7367233559986881,88.6373789004165,140.26289520797062,0,0.9161651414767675,0.17944178547807943
0.1,6,bwk_vanilla,0.9008904117252505,84.30391442803212,140.26289520797062,0,0.9161651414767675,0.015274729751517002
0.1,6,cbuc,0.1736079085276574,9.087977140416106,140.26289520797062,0,0.9161651414767675,0.7425572329491101
0.1,6,cbuc_aggr,0.056877870857873325,16.99496026603334,140.26289520797062,0,0.9161651414767675,0.8592872706188942
0.1,7,react_capped,0.7790902381174545,101.7099805205761,139.08746063725442,0,0.8666901648961567,0.08759992677870221
0.1,7,bwk_vanilla,0.6636767245824718,80.58276225723388,139.08746063725442,0,0.8666901648961567,0.20301344031368485
0.1,7,cbuc,0.1821441732801643,7.8397481546067525,139.08746063725442,0,0.8666901648961567,0.6845459916159924
0.1,7,cbuc_aggr,0.16051767306891807,10.984797759991796,139.08746063725442,0,0.8666901648961567,0.7061724918272386
0.1,8,react_capped,0.9582455493028886,136.91724399437697,135.91261573414877,1,0.9283728563345138,-0.029872692968374803
0.1,8,bwk_vanilla,0.8572532606125136,106.64910890641876,135.91261573414877,0,0.9283728563345138,0.07111959572200022
0.1,8,cbuc,0.0831912099210671,14.124703654947043,135.91261573414877,0,0.9283728563345138,0.8451816464134467
0.1,8,cbuc_aggr,0.0,6.776867290636177,135.91261573414877,0,0.9283728563345138,0.9283728563345138
0.1,9,react_capped,0.8926642865737258,100.97168947754477,121.19468359479254,0,0.9403624780813241,0.04769819150759835
0.1,9,bwk_vanilla,0.8715643418103542,65.17919293434059,121.19468359479254,0,0.9403624780813241,0.06879813627096987
0.1,9,cbuc,0.5245945214675498,26.703036680448097,121.19468359479254,0,0.9403624780813241,0.4157679566137743
0.1,9,cbuc_aggr,0.057786803688850474,10.817748473579377,121.19468359479254,0,0.9403624780813241,0.8825756743924736
0.1,10,react_capped,0.7079939658395559,76.26532000591848,136.2876601157792,0,0.834425165558625,0.12643119971906913
0.1,10,bwk_vanilla,0.8987599815290901,139.1352513754879,136.2876601157792,1,0.834425165558625,-0.06433481597046509
0.1,10,cbuc,0.6803990582973309,41.1069183242298,136.2876601157792,0,0.834425165558625,0.15402610726129407
0.1,10,cbuc_aggr,0.1701471771072065,8.596043874703359,136.2876601157792,0,0.834425165558625,0.6642779884514185
0.1,11,react_capped,0.6793691827020871,98.47161243545148,156.1498835843455,0,0.9111081029665323,0.2317389202644452
0.1,11,bwk_vanilla,0.6554164011624157,92.34489623651976,156.1498835843455,0,0.9111081029665323,0.2556917018041166
0.1,11,cbuc,0.9696948037588352,60.26896243878954,156.1498835843455,0,0.9111081029665323,-0.05858670079230288
0.1,11,cbuc_aggr,0.9909607492433348,36.869138242775506,156.1498835843455,0,0.9111081029665323,-0.07985264627680244
0.1,12,react_capped,0.86582321959722,99.82581044610644,137.82403746535053,0,0.9015631425684912,0.035739922971271265
0.1,12,bwk_vanilla,0.5166260539260881,113.83895999499188,137.82403746535053,0,0.9015631425684912,0.38493708864240317
0.1,12,cbuc,0.7612437817592319,29.05640055024278,137.82403746535053,0,0.9015631425684912,0.14031936080925933
0.1,12,cbuc_aggr,0.1564280437121377,9.373648234937736,137.82403746535053,0,0.9015631425684912,0.7451350988563535
0.1,13,react_capped,0.9297842802716265,105.05054689845878,136.4680968601364,0,0.9257834532434095,-0.004000827028217024
0.1,13,bwk_vanilla,0.7974059894909494,130.5999935764939,136.4680968601364,0,0.9257834532434095,0.12837746375246006
0.1,13,cbuc,0.30667804667732923,7.583500603469206,136.4680968601364,0,0.9257834532434095,0.6191054065660803
0.1,13,cbuc_aggr,0.19203884034093288,17.779739782591058,136.4680968601364,0,0.9257834532434095,0.7337446129024766
0.1,14,react_capped,0.8685571605663285,117.11580854157388,142.987715889429,0,0.902754757699759,0.03419759713343051
0.1,14,bwk_vanilla,0.8727515554658556,129.13911561251865,142.987715889429,0,0.902754757699759,0.030003202233903403
0.1,14,cbuc,0.3183464308645333,19.35745708748625,142.987715889429,0,0.902754757699759,0.5844083268352257
0.1,14,cbuc_aggr,0.005815932417194358,10.715286360695123,142.987715889429,0,0.902754757699759,0.8969388252825646
0.1,15,react_capped,0.8691758314328685,109.06865989637316,131.26641832383646,0,0.9006771390736927,0.03150130764082426
0.1,15,bwk_vanilla,0.7176558066349348,56.150160917677404,131.26641832383646,0,0.9006771390736927,0.18302133243875796
0.1,15,cbuc,0.8755925447672516,27.417851540165337,131.26641832383646,0,0.9006771390736927,0.025084594306441166
0.1,15,cbuc_aggr,0.9546169463176007,24.764415745328723,131.26641832383646,0,0.9006771390736927,-0.05393980724390801
0.1,16,react_capped,0.8070570019775141,99.03814214062099,130.46621332528213,0,0.9360394554118061,0.12898245343429204
0.1,16,bwk_vanilla,0.623236146630739,130.01408687808834,130.46621332528213,0,0.9360394554118061,0.3128033087810671
0.1,16,cbuc,0.14359646776145896,11.40465794554975,130.46621332528213,0,0.9360394554118061,0.7924429876503472
0.1,16,cbuc_aggr,0.23800176534365025,9.966698773381,130.46621332528213,0,0.9360394554118061,0.6980376900681559
0.1,17,react_capped,0.6424811078083504,132.64089741793674,132.1583476648317,1,0.8163093962806458,0.17382828847229537
0.1,17,bwk_vanilla,0.5623867046999194,101.60784240497422,132.1583476648317,0,0.8163093962806458,0.25392269158072645
0.1,17,cbuc,0.8508260882694862,47.04810695103981,132.1583476648317,0,0.8163093962806458,-0.03451669198884044
0.1,17,cbuc_aggr,0.9632059094794401,33.38308041850245,132.1583476648317,0,0.8163093962806458,-0.14689651319879427
0.1,18,react_capped,0.9310302027831047,122.62815050697226,154.26373701780147,0,0.7750770414146356,-0.15595316136846904
0.1,18,bwk_vanilla,0.8977421706924993,116.06649241710551,154.26373701780147,0,0.7750770414146356,-0.12266512927786366
0.1,18,cbuc,0.10996985698360073,15.28874063255172,154.26373701780147,0,0.7750770414146356,0.6651071844310349
0.1,18,cbuc_aggr,0.17544912587920047,8.106801267293477,154.26373701780147,0,0.7750770414146356,0.5996279155354352
0.1,19,react_capped,0.9319319491661857,135.04273392607186,140.71896406502063,0,0.8720234635338479,-0.05990848563233786
0.1,19,bwk_vanilla,0.7877920309554388,117.98409353786418,140.71896406502063,0,0.8720234635338479,0.08423143257840904
0.1,19,cbuc,0.1506569656873925,9.393315958911973,140.71896406502063,0,0.8720234635338479,0.7213664978464553
0.1,19,cbuc_aggr,0.2031262242913382,9.358146393404711,140.71896406502063,0,0.8720234635338479,0.6688972392425097
0.1,20,react_capped,0.7879011785433393,90.79965427796688,139.73501680917954,0,0.9497757655626173,0.16187458701927804
0.1,20,bwk_vanilla,0.782325189703104,100.62776728610316,139.73501680917954,0,0.9497757655626173,0.16745057585951328
0.1,20,cbuc,0.0,8.244452739211876,139.73501680917954,0,0.9497757655626173,0.9497757655626173
0.1,20,cbuc_aggr,0.0635454098231596,19.514076886790644,139.73501680917954,0,0.9497757655626173,0.8862303557394577
0.1,21,react_capped,0.8375003816599442,139.66839663071937,137.8252599404087,1,0.8772306653009196,0.03973028364097542
0.1,21,bwk_vanilla,0.7975185312718681,61.69759074885463,137.8252599404087,0,0.8772306653009196,0.07971213402905153
0.1,21,cbuc,0.04942701651614889,7.943141029643815,137.8252599404087,0,0.8772306653009196,0.8278036487847708
0.1,21,cbuc_aggr,0.2793078510897026,7.3766810885691685,137.8252599404087,0,0.8772306653009196,0.5979228142112171
0.1,22,react_capped,0.7413271216569111,75.15923441712187,129.0260847144521,0,0.9317690038734585,0.19044188221654745
0.1,22,bwk_vanilla,0.8093777020433165,92.6766360528117,129.0260847144521,0,0.9317690038734585,0.12239130183014202
0.1,22,cbuc,0.2570617640178886,8.644509010274536,129.0260847144521,0,0.9317690038734585,0.6747072398555699
0.1,22,cbuc_aggr,0.08686223858621556,5.963827828993457,129.0260847144521,0,0.9317690038734585,0.844906765287243
0.1,23,react_capped,0.3850805193462403,73.58513697287235,145.4875648932104,0,0.7606110900694629,0.3755305707232226
0.1,23,bwk_vanilla,0.7431663891588205,79.52247310818973,145.4875648932104,0,0.7606110900694629,0.01744470091064243
0.1,23,cbuc,0.7391063093581594,21.77320865044368,145.4875648932104,0,0.7606110900694629,0.021504780711303573
0.1,23,cbuc_aggr,0.7744158121933135,26.493717066282674,145.4875648932104,0,0.7606110900694629,-0.013804722123850532
0.1,24,react_capped,0.8855317608790237,108.47796260057615,139.17252843697077,0,0.9546011905047643,0.06906942962574059
0.1,24,bwk_vanilla,0.8828731506225717,117.94755721565872,139.17252843697077,0,0.9546011905047643,0.07172803988219267
0.1,24,cbuc,0.19787253032089114,6.471986093700138,139.17252843697077,0,0.9546011905047643,0.7567286601838732
0.1,24,cbuc_aggr,0.09315173155372414,42.30187798021895,139.17252843697077,0,0.9546011905047643,0.8614494589510402
0.1,25,react_capped,0.6865058821722658,146.61828233985452,143.54790957652907,1,0.6717823755345771,-0.014723506637688732
0.1,25,bwk_vanilla,0.46525706968504665,88.29411136095801,143.54790957652907,0,0.6717823755345771,0.20652530584953044
0.1,25,cbuc,0.18744783700485712,7.922056682174543,143.54790957652907,0,0.6717823755345771,0.48433453852971997
0.1,25,cbuc_aggr,0.6943231546053757,60.90815141700172,143.54790957652907,0,0.6717823755345771,-0.022540779070798656
0.1,26,react_capped,0.8039617312508712,105.20471671773674,142.96611287213622,0,0.8744323521073948,0.07047062085652356
0.1,26,bwk_vanilla,0.8119385592021241,105.70364404095969,142.96611287213622,0,0.8744323521073948,0.062493792905270684
0.1,26,cbuc,0.8899456351837515,17.345508312458396,142.96611287213622,0,0.8744323521073948,-0.015513283076356688
0.1,26,cbuc_aggr,0.9879197334662161,22.011708455172464,142.96611287213622,0,0.8744323521073948,-0.1134873813588213
0.1,27,react_capped,0.599620249193382,88.63513258634897,149.95204199637084,0,0.9136546689212238,0.31403441972784185
0.1,27,bwk_vanilla,0.5208501630116151,103.39338174482809,149.95204199637084,0,0.9136546689212238,0.3928045059096087
0.1,27,cbuc,0.23172570630004474,20.90388868595515,149.95204199637084,0,0.9136546689212238,0.6819289626211791
0.1,27,cbuc_aggr,0.15466808178155556,9.073716731192556,149.95204199637084,0,0.9136546689212238,0.7589865871396683
0.1,28,react_capped,0.7517843034120321,70.18053580950541,154.44092963574067,0,0.9051165027132179,0.1533321993011858
0.1,28,bwk_vanilla,0.8868904876567444,153.6716021661584,154.44092963574067,0,0.9051165027132179,0.018226015056473477
0.1,28,cbuc,0.33949232597820134,6.981604321606028,154.44092963574067,0,0.9051165027132179,0.5656241767350165
0.1,28,cbuc_aggr,0.26753953177099277,7.154799682771074,154.44092963574067,0,0.9051165027132179,0.6375769709422251
0.1,29,react_capped,0.7375733603244169,99.03458579400863,126.31135089672027,0,0.9003294858898395,0.16275612556542263
0.1,29,bwk_vanilla,0.9177886402135825,101.02317669824076,126.31135089672027,0,0.9003294858898395,-0.01745915432374301
0.1,29,cbuc,0.9999999950666147,51.65696639423309,126.31135089672027,0,0.9003294858898395,-0.09967050917677522
0.1,29,cbuc_aggr,0.999999999957655,70.59108995633383,126.31135089672027,0,0.9003294858898395,-0.09967051406781546
0.25,0,react_capped,0.9269602012282943,116.12951157492945,154.59889912970223,0,0.99160719392102,0.06464699269272578
0.25,0,bwk_vanilla,0.9631980107776792,65.8084313119474,154.59889912970223,0,0.99160719392102,0.028409183143340844
0.25,0,cbuc,0.9953383580801108,31.216113906096158,154.59889912970223,0,0.99160719392102,-0.003731164159090805
0.25,0,cbuc_aggr,0.9947255642021843,27.818673800864243,154.59889912970223,0,0.99160719392102,-0.00311837028116424
0.25,1,react_capped,0.872936963999019,95.40005348288142,152.26717659577866,0,0.997439027119845,0.12450206312082601
0.25,1,bwk_vanilla,0.9730614698758446,115.63027643072151,152.26717659577866,0,0.997439027119845,0.02437755724400037
0.25,1,cbuc,0.15821163992231246,9.498877518295494,152.26717659577866,0,0.997439027119845,0.8392273871975325
0.25,1,cbuc_aggr,0.1970683780576401,9.227931996936306,152.26717659577866,0,0.997439027119845,0.8003706490622049
0.25,2,react_capped,0.9089855324536462,104.53600153849982,137.3556853241856,0,0.9986915649001443,0.08970603244649811
0.25,2,bwk_vanilla,0.9326862037299257,79.62442999090113,137.3556853241856,0,0.9986915649001443,0.0660053611702186
0.25,2,cbuc,0.2450778446584927,7.580410898365358,137.3556853241856,0,0.9986915649001443,0.7536137202416516
0.25,2,cbuc_aggr,0.1360762170841916,8.91878611826065,137.3556853241856,0,0.9986915649001443,0.8626153478159527
0.25,3,react_capped,0.9413341213629307,130.5232619050583,153.11112811464253,0,0.9927467351300706,0.0514126137671399
0.25,3,bwk_vanilla,0.889824484491282,118.01076251438968,153.11112811464253,0,0.9927467351300706,0.10292225063878857
0.25,3,cbuc,0.9998929165720899,29.826944364373663,153.11112811464253,0,0.9927467351300706,-0.007146181442019284
0.25,3,cbuc_aggr,0.999995942710698,24.867862571596984,153.11112811464253,0,0.9927467351300706,-0.007249207580627415
0.25,4,react_capped,0.9032690563436121,112.84248803160861,136.1491967097554,0,0.9946316499556914,0.09136259361207932
0.25,4,bwk_vanilla,0.9287699921560012,85.63037356725827,136.1491967097554,0,0.9946316499556914,0.06586165779969022
0.25,4,cbuc,0.04374005427078731,11.453834435587588,136.1491967097554,0,0.9946316499556914,0.9508915956849041
0.25,4,cbuc_aggr,0.23427003180596107,9.630158943780007,136.1491967097554,0,0.9946316499556914,0.7603616181497304
0.25,5,react_capped,0.6475274038131098,130.12459759832254,128.9528934830357,1,0.9985990168125851,0.3510716129994753
0.25,5,bwk_vanilla,0.9437396750866204,117.16501328601728,128.9528934830357,0,0.9985990168125851,0.05485934172596474
0.25,5,cbuc,0.9994059123614233,36.55347239234195,128.9528934830357,0,0.9985990168125851,-0.0008068955488381713
0.25,5,cbuc_aggr,0.9993519049769114,28.261489057488543,128.9528934830357,0,0.9985990168125851,-0.0007528881643262819
0.25,6,react_capped,0.839109598585666,72.31061603398796,126.93317558108343,0,0.998214598459142,0.15910499987347593
0.25,6,bwk_vanilla,0.9861491112384518,90.52391348822061,126.93317558108343,0,0.998214598459142,0.012065487220690119
0.25,6,cbuc,0.9991408701440515,21.13852545562532,126.93317558108343,0,0.998214598459142,-0.000926271684909552
0.25,6,cbuc_aggr,0.9997521392397369,33.836622529683744,126.93317558108343,0,0.998214598459142,-0.0015375407805949814
0.25,7,react_capped,0.8723899910950829,126.5753387371374,138.65020562974098,0,0.9973313395970025,0.12494134850191962
0.25,7,bwk_vanilla,0.9468035349981488,148.1249675407366,138.65020562974098,1,0.9973313395970025,0.05052780459885364
0.25,7,cbuc,0.7471902750626263,25.458007473434805,138.65020562974098,0,0.9973313395970025,0.25014106453437623
0.25,7,cbuc_aggr,0.69481169255794,27.176154879043878,138.65020562974098,0,0.9973313395970025,0.30251964703906253
0.25,8,react_capped,0.7496747409965565,87.89993187461965,132.65233922311674,0,0.9984909035157278,0.24881616251917127
0.25,8,bwk_vanilla,0.9620424539414175,72.14920707184274,132.65233922311674,0,0.9984909035157278,0.03644844957431026
0.25,8,cbuc,0.44157288985418963,14.296813444020318,132.65233922311674,0,0.9984909035157278,0.5569180136615381
0.25,8,cbuc_aggr,0.29540642510943194,12.910735603725128,132.65233922311674,0,0.9984909035157278,0.7030844784062958
0.25,9,react_capped,0.7312827667622839,80.40635443292172,127.47098419435511,0,0.9950416703936901,0.2637589036314062
0.25,9,bwk_vanilla,0.9946592133243184,116.35420684199295,127.47098419435511,0,0.9950416703936901,0.0003824570693716778
0.25,9,cbuc,0.35882600409800447,9.524798822312851,127.47098419435511,0,0.9950416703936901,0.6362156662956856
0.25,9,cbuc_aggr,0.8844123316278008,47.73564948015953,127.47098419435511,0,0.9950416703936901,0.11062933876588932
0.25,10,react_capped,0.8580173181627662,102.62731223281921,131.5670321395067,0,0.9940606472010067,0.13604332903824057
0.25,10,bwk_vanilla,0.9617609842506383,101.19314429086641,131.5670321395067,0,0.9940606472010067,0.03229966295036846
0.25,10,cbuc,0.7793390971639239,24.711515964883272,131.5670321395067,0,0.9940606472010067,0.21472155003708282
0.25,10,cbuc_aggr,0.8671426003804968,27.149375383189973,131.5670321395067,0,0.9940606472010067,0.1269180468205099
0.25,11,react_capped,0.9236140992197961,93.99076415320908,156.26423938739921,0,0.9955235616890452,0.07190946246924912
0.25,11,bwk_vanilla,0.9048952482533443,106.06839420968066,156.26423938739921,0,0.9955235616890452,0.09062831343570088
0.25,11,cbuc,0.9535646611661164,32.89298106594961,156.26423938739921,0,0.9955235616890452,0.04195890052292883
0.25,11,cbuc_aggr,0.99032464650033,36.7411118172299,156.26423938739921,0,0.9955235616890452,0.005198915188715181
0.25,12,react_capped,0.9513412839699158,91.95184319163661,145.4124509729897,0,0.9957545447385776,0.04441326076866181
0.25,12,bwk_vanilla,0.9251412505181061,69.74328365225756,145.4124509729897,0,0.9957545447385776,0.07061329422047147
0.25,12,cbuc,0.9832066018037098,27.538580344023618,145.4124509729897,0,0.9957545447385776,0.012547942934867828
0.25,12,cbuc_aggr,0.9706218603632204,16.319939874604604,145.4124509729897,0,0.9957545447385776,0.025132684375357206
0.25,13,react_capped,0.8846428545293433,90.33299211335039,147.55560454726427,0,0.9870318097624143,0.10238895523307101
0.25,13,bwk_vanilla,0.9405444113222945,187.8992365412338,147.55560454726427,1,0.9870318097624143,0.04648739844011984
0.25,13,cbuc,0.9280382944475732,22.16431491487245,147.55560454726427,0,0.9870318097624143,0.058993515314841094
0.25,13,cbuc_aggr,0.995239139113877,41.1243155794616,147.55560454726427,0,0.9870318097624143,-0.008207329351462622
0.25,14,react_capped,0.8161962034414679,139.09783859827428,126.45123997501413,1,0.9954574604597394,0.17926125701827145
0.25,14,bwk_vanilla,0.9290631140795362,69.33172279350522,126.45123997501413,0,0.9954574604597394,0.06639434638020314
0.25,14,cbuc,0.9993546131267141,32.697632450108564,126.45123997501413,0,0.9954574604597394,-0.003897152666974768
0.25,14,cbuc_aggr,0.9982549770923901,25.55572084754618,126.45123997501413,0,0.9954574604597394,-0.0027975166326507095
0.25,15,react_capped,0.9259473881625958,141.21101416218403,139.09608690581348,1,0.9846867087567048,0.058739320594109024
0.25,15,bwk_vanilla,0.7930600642974825,81.48339187652431,139.09608690581348,0,0.9846867087567048,0.19162664445922228
0.25,15,cbuc,0.9942302060763087,15.897971453267136,139.09608690581348,0,0.9846867087567048,-0.00954349731960391
0.25,15,cbuc_aggr,0.9995317851895067,23.15112795687997,139.09608690581348,0,0.9846867087567048,-0.014845076432801863
0.25,16,react_capped,0.9540237352373147,245.01930576128626,132.70310207884572,1,0.9983680949106678,0.04434435967335315
0.25,16,bwk_vanilla,0.7530212989282281,131.83827017003395,132.70310207884572,0,0.9983680949106678,0.2453467959824397
0.25,16,cbuc,0.9904881414446602,38.829524862150734,132.70310207884572,0,0.9983680949106678,0.007879953466007561
0.25,16,cbuc_aggr,0.9980357048853745,28.040402026533744,132.70310207884572,0,0.9983680949106678,0.0003323900252932832
0.25,17,react_capped,0.9284982526482362,72.38233898227949,126.78560602051293,0,0.9950186794910135,0.06652042684277737
0.25,17,bwk_vanilla,0.9321447480834809,78.5237818945669,126.78560602051293,0,0.9950186794910135,0.06287393140753261
0.25,17,cbuc,0.9956163721325652,49.17304713110457,126.78560602051293,0,0.9950186794910135,-0.0005976926415516282
0.25,17,cbuc_aggr,0.9952092268829745,26.502794059847112,126.78560602051293,0,0.9950186794910135,-0.00019054739196100456
0.25,18,react_capped,0.8934881458501551,97.7601516317787,139.66465679638452,0,0.9983299409706032,0.10484179512044811
0.25,18,bwk_vanilla,0.9909620639790883,105.46530684556791,139.66465679638452,0,0.9983299409706032,0.007367876991514977
0.25,18,cbuc,0.9999999999766389,69.42853111127994,139.66465679638452,0,0.9983299409706032,-0.0016700590060356735
0.25,18,cbuc_aggr,0.9999999999945589,85.24963615159811,139.66465679638452,0,0.9983299409706032,-0.0016700590239556723
0.25,19,react_capped,0.9805812829084731,98.13620048429887,124.47323449519267,0,0.996680490090674,0.016099207182200925
0.25,19,bwk_vanilla,0.9787563836531338,80.7339512797873,124.47323449519267,0,0.996680490090674,0.017924106437540277
0.25,19,cbuc,0.9984287284988048,24.544940610883952,124.47323449519267,0,0.996680490090674,-0.0017482384081307645
0.25,19,cbuc_aggr,0.9985693034163082,23.513581184448576,124.47323449519267,0,0.996680490090674,-0.0018888133256341755
0.25,20,react_capped,0.9753593670631585,72.68653075113589,137.0989982726262,0,0.9961055462109875,0.020746179147828947
0.25,20,bwk_vanilla,0.7904233124548814,138.11464983274632,137.0989982726262,1,0.9961055462109875,0.20568223375610606
0.25,20,cbuc,0.8847845227431138,56.35421212881621,137.0989982726262,0,0.9961055462109875,0.11132102346787365
0.25,20,cbuc_aggr,0.7281486798203678,23.240613278187116,137.0989982726262,0,0.9961055462109875,0.26795686639061966
0.25,21,react_capped,0.9638817867389983,96.9053523646975,133.59901288250603,0,0.9985119632992594,0.03463017656026113
0.25,21,bwk_vanilla,0.9968685381550968,92.250594016704,133.59901288250603,0,0.9985119632992594,0.0016434251441626024
0.25,21,cbuc,0.18869722003881106,9.448662433083433,133.59901288250603,0,0.9985119632992594,0.8098147432604483
0.25,21,cbuc_aggr,0.01812707478015152,6.83642381320142,133.59901288250603,0,0.9985119632992594,0.9803848885191079
0.25,22,react_capped,0.968524540453545,76.2963220634116,132.57791157389252,0,0.9985022582110658,0.029977717757520783
0.25,22,bwk_vanilla,0.9923424636738077,85.68908503865619,132.57791157389252,0,0.9985022582110658,0.006159794537258012
0.25,22,cbuc,0.9999989863527605,23.022360313055163,132.57791157389252,0,0.9985022582110658,-0.0014967281416947698
0.25,22,cbuc_aggr,0.9999995443551943,29.54913137806572,132.57791157389252,0,0.9985022582110658,-0.0014972861441285845
0.25,23,react_capped,0.9400314916780385,73.27890978853343,125.75180027424001,0,0.9973161882460612,0.05728469656802271
0.25,23,bwk_vanilla,0.9886959247059834,131.3233032828737,125.75180027424001,1,0.9973161882460612,0.008620263540077722
0.25,23,cbuc,0.3502520508445405,5.607518393619254,125.75180027424001,0,0.9973161882460612,0.6470641374015207
0.25,23,cbuc_aggr,0.3967418605590789,6.2553212720772144,125.75180027424001,0,0.9973161882460612,0.6005743276869823
0.25,24,react_capped,0.8517009740687159,86.63906679730553,122.18993600809071,0,0.9916341819274037,0.1399332078586878
0.25,24,bwk_vanilla,0.7874372297157297,66.2630936288252,122.18993600809071,0,0.9916341819274037,0.204196952211674
0.25,24,cbuc,0.9985755947974142,15.042260270931576,122.18993600809071,0,0.9916341819274037,-0.006941412870010488
0.25,24,cbuc_aggr,0.9973853329763391,24.86187670170964,122.18993600809071,0,0.9916341819274037,-0.005751151048935421
0.25,25,react_capped,0.9715423521270384,108.59019678124221,144.5590493001257,0,0.9964995668296236,0.024957214702585162
0.25,25,bwk_vanilla,0.9914441018255489,140.69108761368443,144.5590493001257,0,0.9964995668296236,0.005055465004074722
0.25,25,cbuc,0.7900364612688282,23.769680880471256,144.5590493001257,0,0.9964995668296236,0.2064631055607954
0.25,25,cbuc_aggr,0.8618773527250074,128.74633629281416,144.5590493001257,0,0.9964995668296236,0.13462221410461617
0.25,26,react_capped,0.8162122348229957,85.3036382705467,149.30508797225986,0,0.9955953477047339,0.17938311288173825
0.25,26,bwk_vanilla,0.9743901520006877,106.53764947007932,149.30508797225986,0,0.9955953477047339,0.02120519570404622
0.25,26,cbuc,0.9958785486786776,14.433522752424974,149.30508797225986,0,0.9955953477047339,-0.00028320097394374244
0.25,26,cbuc_aggr,0.9991844152821977,25.199584136999196,149.30508797225986,0,0.9955953477047339,-0.0035890675774638003
0.25,27,react_capped,0.6169892487686606,76.67515330177515,122.3271952549873,0,0.9959789358537691,0.3789896870851085
0.25,27,bwk_vanilla,0.7246479677530004,69.24406175739114,122.3271952549873,0,0.9959789358537691,0.2713309681007686
0.25,27,cbuc,0.9578923728042625,33.36771203639026,122.3271952549873,0,0.9959789358537691,0.03808656304950653
0.25,27,cbuc_aggr,0.06713071080265043,5.732518456120489,122.3271952549873,0,0.9959789358537691,0.9288482250511186
0.25,28,react_capped,0.7221755043408382,87.31003941328227,144.74968807658283,0,0.9976734416069182,0.27549793726607996
0.25,28,bwk_vanilla,0.6594953516952139,89.26199291157234,144.74968807658283,0,0.9976734416069182,0.3381780899117043
0.25,28,cbuc,0.9686094998629432,19.79941124437025,144.74968807658283,0,0.9976734416069182,0.029063941743974975
0.25,28,cbuc_aggr,0.9510905445533372,24.823287176843227,144.74968807658283,0,0.9976734416069182,0.046582897053580985
0.25,29,react_capped,0.6675696607793498,67.15621534443964,128.2421683331658,0,0.9970516854015598,0.32948202462221
0.25,29,bwk_vanilla,0.9773103637191933,124.672891060743,128.2421683331658,0,0.9970516854015598,0.01974132168236642
0.25,29,cbuc,0.998266008590527,28.33326826644923,128.2421683331658,0,0.9970516854015598,-0.0012143231889673034
0.25,29,cbuc_aggr,0.9898511662610849,17.263530203273962,128.2421683331658,0,0.9970516854015598,0.007200519140474815
0.5,0,react_capped,0.9995966268811662,103.12017842618552,149.0990633404287,0,0.9999779617045992,0.0003813348234329439
0.5,0,bwk_vanilla,0.9995946929564371,140.9733757316294,149.0990633404287,0,0.9999779617045992,0.00038326874816208
0.5,0,cbuc,0.7983232376635632,24.76073244361556,149.0990633404287,0,0.9999779617045992,0.20165472404103602
0.5,0,cbuc_aggr,0.873800447765885,20.759368315538843,149.0990633404287,0,0.9999779617045992,0.12617751393871424
0.5,1,react_capped,0.9925932106509204,116.20841843487803,127.17956142097312,0,0.9999723210506039,0.0073791103996834195
0.5,1,bwk_vanilla,0.9799626978374857,116.39466189911073,127.17956142097312,0,0.9999723210506039,0.020009623213118166
0.5,1,cbuc,0.9992474253882428,54.49372336179073,127.17956142097312,0,0.9999723210506039,0.0007248956623610026
0.5,1,cbuc_aggr,0.9996804475828666,27.933282787225952,127.17956142097312,0,0.9999723210506039,0.0002918734677372914
0.5,2,react_capped,0.9274939589545287,91.75989321144536,142.83054791794208,0,0.9999975388124207,0.07250357985789202
0.5,2,bwk_vanilla,0.7681163399643648,151.50496950795088,142.83054791794208,1,0.9999975388124207,0.2318811988480559
0.5,2,cbuc,0.9995695960874439,30.91959945628331,142.83054791794208,0,0.9999975388124207,0.0004279427249768153
0.5,2,cbuc_aggr,0.9999935917790856,40.063228294836904,142.83054791794208,0,0.9999975388124207,3.947033335061079e-06
0.5,3,react_capped,0.921265721528531,89.87159168025462,139.28123602432726,0,0.9998104378997087,0.07854471637117766
0.5,3,bwk_vanilla,0.9809346499812298,106.86342371672258,139.28123602432726,0,0.9998104378997087,0.01887578791847888
0.5,3,cbuc,0.9700415585541919,23.074272060506193,139.28123602432726,0,0.9998104378997087,0.029768879345516752
0.5,3,cbuc_aggr,0.9814262481766051,21.789510544640333,139.28123602432726,0,0.9998104378997087,0.018384189723103628
0.5,4,react_capped,0.9943922930134158,62.224359981916606,139.13444960371248,0,0.9999770776434583,0.0055847846300425275
0.5,4,bwk_vanilla,0.9944730455517892,81.50748147971163,139.13444960371248,0,0.9999770776434583,0.005504032091669164
0.5,4,cbuc,0.9547122188491217,32.59915870772005,139.13444960371248,0,0.9999770776434583,0.045264858794336615
0.5,4,cbuc_aggr,0.9333523315909132,44.821116354596114,139.13444960371248,0,0.9999770776434583,0.06662474605254509
0.5,5,react_capped,0.9608412338717912,75.7069141572504,131.28945943595104,0,0.9999966577175533,0.039155423845762094
0.5,5,bwk_vanilla,0.993137605431746,102.13667296316656,131.28945943595104,0,0.9999966577175533,0.006859052285807299
0.5,5,cbuc,0.9999995050137548,22.830604663374093,131.28945943595104,0,0.9999966577175533,-2.847296201480276e-06
0.5,5,cbuc_aggr,0.9999083342602959,17.18858977549382,131.28945943595104,0,0.9999966577175533,8.832345725739987e-05
0.5,6,react_capped,0.9873788038458401,105.41926994433372,158.2700871051311,0,0.9999777207659201,0.012598916920079972
0.5,6,bwk_vanilla,0.979772510720492,123.90580931016929,158.2700871051311,0,0.9999777207659201,0.02020521004542808
0.5,6,cbuc,0.9994560845026559,31.270507720366982,158.2700871051311,0,0.9999777207659201,0.0005216362632641802
0.5,6,cbuc_aggr,0.9997063004757858,91.24732443599085,158.2700871051311,0,0.9999777207659201,0.00027142029013427216
0.5,7,react_capped,0.9792112888591791,70.47524167955197,139.64148082718833,0,0.9999943589976825,0.020783070138503446
0.5,7,bwk_vanilla,0.9951853566213001,113.49764858608798,139.64148082718833,0,0.9999943589976825,0.004809002376382376
0.5,7,cbuc,0.9880762904999494,30.456887844100596,139.64148082718833,0,0.9999943589976825,0.011918068497733136
0.5,7,cbuc_aggr,0.9786470627077916,27.43662833886401,139.64148082718833,0,0.9999943589976825,0.02134729628989096
0.5,8,react_capped,0.981470137275474,77.02146356110714,135.2671020453243,0,0.9999793805351257,0.018509243259651642
0.5,8,bwk_vanilla,0.9751489074503904,58.074692591390125,135.2671020453243,0,0.9999793805351257,0.024830473084735294
0.5,8,cbuc,0.9667136683333771,39.73777484664823,135.2671020453243,0,0.9999793805351257,0.033265712201748565
0.5,8,cbuc_aggr,0.9985147169265899,65.06564121941237,135.2671020453243,0,0.9999793805351257,0.00146466360853581
0.5,9,react_capped,0.9996059753929355,101.11132140928464,144.43993566130965,0,0.9999981931634548,0.00039221777051934303
0.5,9,bwk_vanilla,0.9988149176669123,125.42035249907539,144.43993566130965,0,0.9999981931634548,0.001183275496542513
0.5,9,cbuc,0.993341184681517,13.77104919389952,144.43993566130965,0,0.9999981931634548,0.006657008481937843
0.5,9,cbuc_aggr,0.997889615254496,26.75900427694104,144.43993566130965,0,0.9999981931634548,0.0021085779089587975
0.5,10,react_capped,0.9995084784828057,92.11985760989708,122.84987377029246,0,0.9999935665075151,0.0004850880247094791
0.5,10,bwk_vanilla,0.9973458880496296,100.6313159976224,122.84987377029246,0,0.9999935665075151,0.002647678457885494
0.5,10,cbuc,0.9999388005055033,32.64387409810986,122.84987377029246,0,0.9999935665075151,5.4766002011819026e-05
0.5,10,cbuc_aggr,0.9998353300445296,40.32018071628736,122.84987377029246,0,0.9999935665075151,0.00015823646298551708
0.5,11,react_capped,0.996658883781793,99.67975019065418,135.0949587379959,0,0.999999487591665,0.0033406038098720003
0.5,11,bwk_vanilla,0.9997975523264014,75.22502617541117,135.0949587379959,0,0.999999487591665,0.0002019352652635753
0.5,11,cbuc,0.9999961290335587,29.88350102977738,135.0949587379959,0,0.999999487591665,3.3585581062922643e-06
0.5,11,cbuc_aggr,0.9999980946448641,31.491199461728915,135.0949587379959,0,0.999999487591665,1.3929468009044044e-06
0.5,12,react_capped,0.9948599230380726,139.21969642822407,144.4608466747274,0,0.9999873906616258,0.005127467623553206
0.5,12,bwk_vanilla,0.9821012872012427,89.74492134238487,144.4608466747274,0,0.9999873906616258,0.017886103460383107
0.5,12,cbuc,0.9995955796814608,25.95740661275673,144.4608466747274,0,0.9999873906616258,0.00039181098016494165
0.5,12,cbuc_aggr,0.999408570303858,29.10977473698878,144.4608466747274,0,0.9999873906616258,0.0005788203577677953
0.5,13,react_capped,0.9954082774396832,121.8244804927522,141.66680461275334,0,0.9999919889149222,0.004583711475239061
0.5,13,bwk_vanilla,0.9968221719729644,94.26048820524926,141.66680461275334,0,0.9999919889149222,0.003169816941957837
0.5,13,cbuc,0.9995571860597745,29.588572457413388,141.66680461275334,0,0.9999919889149222,0.0004348028551477423
0.5,13,cbuc_aggr,0.9961171081706929,30.694097206099983,141.66680461275334,0,0.9999919889149222,0.00387488074422937
0.5,14,react_capped,0.9944424855421744,125.7973685741076,138.97952087387782,0,0.9999909572620624,0.005548471719888037
0.5,14,bwk_vanilla,0.9897713564344639,78.79601237107906,138.97952087387782,0,0.9999909572620624,0.01021960082759854
0.5,14,cbuc,0.9968908898279759,27.596472119395255,138.97952087387782,0,0.9999909572620624,0.0031000674340865286
0.5,14,cbuc_aggr,0.9999836790624539,34.21928986261782,138.97952087387782,0,0.9999909572620624,7.278199608551361e-06
0.5,15,react_capped,0.9968709819344634,116.43766286849078,149.37601658842883,0,0.9999911634747097,0.003120181540246292
0.5,15,bwk_vanilla,0.9962923971408483,139.64230802503732,149.37601658842883,0,0.9999911634747097,0.0036987663338614585
0.5,15,cbuc,0.9998113937041163,17.7863708580722,149.37601658842883,0,0.9999911634747097,0.0001797697705934187
0.5,15,cbuc_aggr,0.9999230842165957,27.839502374526187,149.37601658842883,0,0.9999911634747097,6.807925811402882e-05
0.5,16,react_capped,0.9950798514165602,91.83825047552799,134.6190577948783,0,0.999995711011682,0.004915859595121863
0.5,16,bwk_vanilla,0.9974244586662534,116.35282561453307,134.6190577948783,0,0.999995711011682,0.002571252345428654
0.5,16,cbuc,0.9999993940102864,43.75349416850104,134.6190577948783,0,0.999995711011682,-3.682998604315202e-06
0.5,16,cbuc_aggr,0.9999994088069387,49.11913326992029,134.6190577948783,0,0.999995711011682,-3.697795256663028e-06
0.5,17,react_capped,0.9889807124616502,109.72766807473572,130.92001077665148,0,0.9999821708177346,0.011001458356084348
0.5,17,bwk_vanilla,0.9943207805446036,99.09411599921154,130.92001077665148,0,0.9999821708177346,0.005661390273130951
0.5,17,cbuc,0.8098927846425122,26.84784882050179,130.92001077665148,0,0.9999821708177346,0.1900893861752223
0.5,17,cbuc_aggr,0.8719149749771302,27.649819843281993,130.92001077665148,0,0.9999821708177346,0.12806719584060433
0.5,18,react_capped,0.9977737759711482,89.25970942511715,135.48115498859366,0,0.999991839988173,0.0022180640170247345
0.5,18,bwk_vanilla,0.9956036600413359,81.32575399768464,135.48115498859366,0,0.999991839988173,0.004388179946837045
0.5,18,cbuc,0.9999989070980398,41.79472712316006,135.48115498859366,0,0.999991839988173,-7.0671098668650956e-06
0.5,18,cbuc_aggr,0.9999979874327214,41.36698619059317,135.48115498859366,0,0.999991839988173,-6.147444548409986e-06
0.5,19,react_capped,0.9942028882742987,89.9721868614863,154.82939101382192,0,0.9999724893314165,0.005769601057117768
0.5,19,bwk_vanilla,0.9921603430047536,170.35676752360288,154.82939101382192,1,0.9999724893314165,0.007812146326662828
0.5,19,cbuc,0.9999996044859149,41.54931190212582,154.82939101382192,0,0.9999724893314165,-2.7115154498380534e-05
0.5,19,cbuc_aggr,0.999999982145911,55.13353903379484,154.82939101382192,0,0.9999724893314165,-2.7492814494545215e-05
0.5,20,react_capped,0.9879014138868427,131.56601380865678,138.31407655946614,0,0.9999498242797287,0.012048410392885955
0.5,20,bwk_vanilla,0.9767968366616385,83.4851313751025,138.31407655946614,0,0.9999498242797287,0.02315298761809015
0.5,20,cbuc,0.9997999621978542,44.081244263525704,138.31407655946614,0,0.9999498242797287,0.00014986208187450778
0.5,20,cbuc_aggr,0.9999416969304621,46.258090163651424,138.31407655946614,0,0.9999498242797287,8.127349266584538e-06
0.5,21,react_capped,0.9983466761818883,100.18522571383696,150.76182963191067,0,0.9999977766910741,0.001651100509185821
0.5,21,bwk_vanilla,0.99448448310389,150.43865323889358,150.76182963191067,0,0.9999977766910741,0.005513293587184109
0.5,21,cbuc,0.9994678910234123,23.30378558037637,150.76182963191067,0,0.9999977766910741,0.000529885667661878
0.5,21,cbuc_aggr,0.9999085547354863,22.658070140559975,150.76182963191067,0,0.9999977766910741,8.922195558780377e-05
0.5,22,react_capped,0.9970756935968684,114.72680730234647,143.50195790509324,0,0.9999940721585883,0.0029183785617198366
0.5,22,bwk_vanilla,0.9844762317301343,105.01294788229997,143.50195790509324,0,0.9999940721585883,0.015517840428453944
0.5,22,cbuc,0.999975898833435,25.795074668943446,143.50195790509324,0,0.9999940721585883,1.8173325153303388e-05
0.5,22,cbuc_aggr,0.9998494632173667,78.56559814617279,143.50195790509324,0,0.9999940721585883,0.00014460894122159118
0.5,23,react_capped,0.9930613843993951,121.76545941339121,152.20320189698782,0,0.9999994777747784,0.006938093375383314
0.5,23,bwk_vanilla,0.9913914550499933,103.86177037146417,152.20320189698782,0,0.9999994777747784,0.008608022724785114
0.5,23,cbuc,0.9998976729920208,32.63093555099181,152.20320189698782,0,0.9999994777747784,0.0001018047827575641
0.5,23,cbuc_aggr,0.999797536983467,19.658344107688198,152.20320189698782,0,0.9999994777747784,0.00020194079131141685
0.5,24,react_capped,0.9980891412322561,94.54978873085828,128.59765030454815,0,0.9999975081687518,0.0019083669364956535
0.5,24,bwk_vanilla,0.9945632278731382,120.47966998827906,128.59765030454815,0,0.9999975081687518,0.005434280295613547
0.5,24,cbuc,0.9999600925307051,54.0164382548528,128.59765030454815,0,0.9999975081687518,3.741563804671166e-05
0.5,24,cbuc_aggr,0.9999268778136204,53.711445842334435,128.59765030454815,0,0.9999975081687518,7.06303551313292e-05
0.5,25,react_capped,0.9436740468618383,72.14761111869224,126.04264539010998,0,0.9999858263030916,0.05631177944125332
0.5,25,bwk_vanilla,0.9620333079043442,77.43394270913319,126.04264539010998,0,0.9999858263030916,0.03795251839874747
0.5,25,cbuc,0.998920288798146,18.65344749203397,126.04264539010998,0,0.9999858263030916,0.0010655375049456461
0.5,25,cbuc_aggr,0.9998787764320235,15.695510631938484,126.04264539010998,0,0.9999858263030916,0.00010704987106813224
0.5,26,react_capped,0.9876701545452093,65.30787966077452,131.28339012014473,0,0.9999978405990624,0.012327686053853038
0.5,26,bwk_vanilla,0.99983229623726,107.22692460824759,131.28339012014473,0,0.9999978405990624,0.0001655443618023833
0.5,26,cbuc,0.9947458344908212,40.51042248475319,131.28339012014473,0,0.9999978405990624,0.0052520061082411695
0.5,26,cbuc_aggr,0.9955860252165034,24.201595044615953,131.28339012014473,0,0.9999978405990624,0.00441181538255897
0.5,27,react_capped,0.9969758906428123,91.62195315654226,137.8759750508732,0,0.9999749395180633,0.0029990488752509314
0.5,27,bwk_vanilla,0.9950114673727841,95.65284398605247,137.8759750508732,0,0.9999749395180633,0.004963472145279146
0.5,27,cbuc,0.06871506423759666,9.054713078846007,137.8759750508732,0,0.9999749395180633,0.9312598752804666
0.5,27,cbuc_aggr,0.7799046069646184,20.6083720139329,137.8759750508732,0,0.9999749395180633,0.22007033255344488
0.5,28,react_capped,0.9967703853448721,81.78947337716735,137.24894294064313,0,0.9999987189251616,0.003228333580289511
0.5,28,bwk_vanilla,0.9620598425350758,64.01863580718842,137.24894294064313,0,0.9999987189251616,0.03793887639008575
0.5,28,cbuc,0.6605448004641632,34.54357898031548,137.24894294064313,0,0.9999987189251616,0.33945391846099837
0.5,28,cbuc_aggr,0.9573580199621488,31.697624917997942,137.24894294064313,0,0.9999987189251616,0.04264069896301281
0.5,29,react_capped,0.8831772876262364,187.18196563403538,135.31312842646471,1,0.9999742087498618,0.11679692112362539
0.5,29,bwk_vanilla,0.9734249061193707,98.98778972209497,135.31312842646471,0,0.9999742087498618,0.026549302630491045
0.5,29,cbuc,0.9925700187894879,41.041157344224395,135.31312842646471,0,0.9999742087498618,0.0074041899603738415
0.5,29,cbuc_aggr,0.9995165412166515,63.813578218074625,135.31312842646471,0,0.9999742087498618,0.0004576675332103042
0.75,0,react_capped,0.9981626986337384,116.31890898724743,128.01044246609834,0,0.9999994917611079,0.001836793127369507
0.75,0,bwk_vanilla,0.9993685854175921,128.1722411607629,128.01044246609834,1,0.9999994917611079,0.0006309063435158135
0.75,0,cbuc,0.9911401158761214,28.723583379295306,128.01044246609834,0,0.9999994917611079,0.008859375884986531
0.75,0,cbuc_aggr,0.9914815560989957,33.90111553681717,128.01044246609834,0,0.9999994917611079,0.00851793566211223
0.75,1,react_capped,0.9883143271580856,55.578665569151305,126.4616824582888,0,0.9999998466602817,0.011685519502196096
0.75,1,bwk_vanilla,0.9975378234692044,55.486941104792244,126.4616824582888,0,0.9999998466602817,0.002462023191077356
0.75,1,cbuc,0.9980720198888894,18.435726301800866,126.4616824582888,0,0.9999998466602817,0.0019278267713923602
0.75,1,cbuc_aggr,0.9959854812016828,33.30499017590984,126.4616824582888,0,0.9999998466602817,0.004014365458598901
0.75,2,react_capped,0.9963465802570678,84.77107711257955,142.7826907523553,0,0.9999998788712477,0.003653298614179956
0.75,2,bwk_vanilla,0.9993483028107082,81.45074576272624,142.7826907523553,0,0.9999998788712477,0.0006515760605395604
0.75,2,cbuc,0.9999780006882715,31.629032982485267,142.7826907523553,0,0.9999998788712477,2.1878182976275973e-05
0.75,2,cbuc_aggr,0.999994998492517,32.10788580576355,142.7826907523553,0,0.9999998788712477,4.880378730698354e-06
0.75,3,react_capped,0.9996317284479583,102.88728614127736,138.11339113700276,0,0.9999999232832688,0.0003681948353104758
0.75,3,bwk_vanilla,0.9996332215807564,142.28524555104156,138.11339113700276,1,0.9999999232832688,0.0003667017025124064
0.75,3,cbuc,0.9902854917180567,28.172012446752085,138.11339113700276,0,0.9999999232832688,0.009714431565212123
0.75,3,cbuc_aggr,0.9973905099307104,33.98894931741099,138.11339113700276,0,0.9999999232832688,0.0026094133525583763
0.75,4,react_capped,0.9997976023205101,124.03520460071441,148.4047587741173,0,0.9999999328564425,0.00020233053593243788
0.75,4,bwk_vanilla,0.9842373420641436,110.98014139806973,148.4047587741173,0,0.9999999328564425,0.015762590792298914
0.75,4,cbuc,0.9999961221384298,24.955525600816554,148.4047587741173,0,0.9999999328564425,3.8107180126978335e-06
0.75,4,cbuc_aggr,0.9999972601562894,26.57040695179303,148.4047587741173,0,0.9999999328564425,2.672700153083518e-06
0.75,5,react_capped,0.9981008349783193,75.97175493377831,137.7991076598744,0,0.9999991499164366,0.001898314938117318
0.75,5,bwk_vanilla,0.9930878516363838,100.6959911223558,137.7991076598744,0,0.9999991499164366,0.006911298280052769
0.75,5,cbuc,0.9981937432154833,18.497204420140882,137.7991076598744,0,0.9999991499164366,0.0018054067009533048
0.75,5,cbuc_aggr,0.9998521719706587,36.66376844042914,137.7991076598744,0,0.9999991499164366,0.00014697794577789303
0.75,6,react_capped,0.999794711608312,102.74036932673597,147.37394021737336,0,0.9999999882773136,0.00020527666900160835
0.75,6,bwk_vanilla,0.9999944341350593,136.34160463493902,147.37394021737336,0,0.9999999882773136,5.554142254338146e-06
0.75,6,cbuc,0.9999999998440785,82.31785188358008,147.37394021737336,0,0.9999999882773136,-1.1566764879233915e-08
0.75,6,cbuc_aggr,0.9999999999658926,92.13909033676671,147.37394021737336,0,0.9999999882773136,-1.1688578993584997e-08
0.75,7,react_capped,0.9966277542203265,153.16632490484966,148.24991995867924,1,0.9999999413099158,0.003372187089589307
0.75,7,bwk_vanilla,0.9998041496988159,128.62258825033697,148.24991995867924,0,0.9999999413099158,0.00019579161109983811
0.75,7,cbuc,0.9980891686406053,45.3255422380309,148.24991995867924,0,0.9999999413099158,0.001910772669310501
0.75,7,cbuc_aggr,0.9999595149773397,41.374135621564434,148.24991995867924,0,0.9999999413099158,4.04263325760601e-05
0.75,8,react_capped,0.9997306763288544,141.15690597931697,144.81516269032377,0,0.9999995895927263,0.00026891326387190606
0.75,8,bwk_vanilla,0.9996574519684249,160.4823204575836,144.81516269032377,1,0.9999995895927263,0.00034213762430135297
0.75,8,cbuc,0.9411476361804061,16.94909620241448,144.81516269032377,0,0.9999995895927263,0.05885195341232019
0.75,8,cbuc_aggr,0.9767713519237401,22.748014404664776,144.81516269032377,0,0.9999995895927263,0.023228237668986185
0.75,9,react_capped,0.9999683663737273,119.29735436661171,133.4815227472944,0,0.9999996992052107,3.133283148337718e-05
0.75,9,bwk_vanilla,0.9991314910193825,79.23785656565914,133.4815227472944,0,0.9999996992052107,0.0008682081858282231
0.75,9,cbuc,0.9999994470387911,32.48984190280758,133.4815227472944,0,0.9999996992052107,2.521664196342144e-07
0.75,9,cbuc_aggr,0.9999998447498646,25.060172243364654,133.4815227472944,0,0.9999996992052107,-1.4554465388449955e-07
0.75,10,react_capped,0.9995977137584218,86.68645805278818,135.88872941695658,0,0.9999999724362109,0.0004022586777890913
0.75,10,bwk_vanilla,0.9895792268478891,135.99380816920598,135.88872941695658,1,0.9999999724362109,0.010420745588321734
0.75,10,cbuc,0.9999999415725662,36.065652802761015,135.88872941695658,0,0.9999999724362109,3.086364464000013e-08
0.75,10,cbuc_aggr,0.9999999909551972,29.662810327601996,135.88872941695658,0,0.9999999724362109,-1.8518986344417954e-08
0.75,11,react_capped,0.9991201242892878,146.37223002690584,142.07222058540393,1,0.9999998622037399,0.0008797379144521722
0.75,11,bwk_vanilla,0.9978636186869291,144.7987172142665,142.07222058540393,1,0.9999998622037399,0.002136243516810854
0.75,11,cbuc,0.9999536932753973,26.534191570125202,142.07222058540393,0,0.9999998622037399,4.616892834263808e-05
0.75,11,cbuc_aggr,0.9999578153317513,21.723090134797374,142.07222058540393,0,0.9999998622037399,4.2046871988610235e-05
0.75,12,react_capped,0.997803386262161,87.64334695950586,144.8070790048174,0,0.99999976578319,0.002196379521029024
0.75,12,bwk_vanilla,0.9969306237081443,74.40901274806069,144.8070790048174,0,0.99999976578319,0.0030691420750457166
0.75,12,cbuc,0.9999977082752997,16.631963140933888,144.8070790048174,0,0.99999976578319,2.0575078903961597e-06
0.75,12,cbuc_aggr,0.9999991105349283,23.358932117265105,144.8070790048174,0,0.99999976578319,6.552482617605548e-07
0.75,13,react_capped,0.9939374053305543,95.45570458042627,126.09201018679906,0,0.9999998930491734,0.0060624877186190584
0.75,13,bwk_vanilla,0.999815358465261,123.69562177804474,126.09201018679906,0,0.9999998930491734,0.00018453458391232136
0.75,13,cbuc,0.9989095562417359,21.95745240170138,126.09201018679906,0,0.9999998930491734,0.0010903368074374198
0.75,13,cbuc_aggr,0.9847643085435416,31.92543231129165,126.09201018679906,0,0.9999998930491734,0.015235584505631783
0.75,14,react_capped,0.9907451133737064,102.90041500925895,147.8207137824044,0,0.999999883523277,0.009254770149570546
0.75,14,bwk_vanilla,0.9996168825730978,145.6681156340448,147.8207137824044,0,0.999999883523277,0.0003830009501791798
0.75,14,cbuc,0.999917691999151,18.83452706379644,147.8207137824044,0,0.999999883523277,8.219152412591857e-05
0.75,14,cbuc_aggr,0.9999942828675815,26.589532159173302,147.8207137824044,0,0.999999883523277,5.600655695436885e-06
0.75,15,react_capped,0.9841848990574712,66.20533207850613,132.68519129496985,0,0.9999994138529809,0.01581451479550966
0.75,15,bwk_vanilla,0.9981871687212945,156.94296431016838,132.68519129496985,1,0.9999994138529809,0.0018122451316863186
0.75,15,cbuc,0.9977256861998569,46.75778729924492,132.68519129496985,0,0.9999994138529809,0.002273727653123947
0.75,15,cbuc_aggr,0.9980897261369684,22.700115397581225,132.68519129496985,0,0.9999994138529809,0.0019096877160124093
0.75,16,react_capped,0.9994224619130445,89.85511390706968,141.04441007629805,0,0.9999999704841727,0.0005775085711281491
0.75,16,bwk_vanilla,0.9999114690335026,135.95474026279047,141.04441007629805,0,0.9999999704841727,8.850145067007542e-05
0.75,16,cbuc,0.9999753419905344,25.30604689857797,141.04441007629805,0,0.9999999704841727,2.4628493638267912e-05
0.75,16,cbuc_aggr,0.999999091186015,26.121615602478254,141.04441007629805,0,0.9999999704841727,8.792981576188907e-07
0.75,17,react_capped,0.9999849367069814,124.93496751097183,140.35835135677004,0,0.9999998953530603,1.4958646078921944e-05
0.75,17,bwk_vanilla,0.9998466642035462,127.45680378577747,140.35835135677004,0,0.9999998953530603,0.00015323114951415473
0.75,17,cbuc,0.9999139799811729,21.480465078370553,140.35835135677004,0,0.9999998953530603,8.591537188740173e-05
0.75,17,cbuc_aggr,0.9999952048088122,31.24234119970417,140.35835135677004,0,0.9999998953530603,4.690544248120432e-06
0.75,18,react_capped,0.9987853577456125,106.35299709196723,140.7668238644731,0,0.9999998712495175,0.0012145135039050015
0.75,18,bwk_vanilla,0.9998205314060069,138.28593643256738,140.7668238644731,0,0.9999998712495175,0.0001793398435105953
0.75,18,cbuc,0.9986624981064177,23.190442177561465,140.7668238644731,0,0.9999998712495175,0.0013373731430997848
0.75,18,cbuc_aggr,0.9999805449065787,30.639045189692574,140.7668238644731,0,0.9999998712495175,1.9326342938774665e-05
0.75,19,react_capped,0.9971927013608592,92.81997879103317,143.57598632504505,0,0.9999997833472545,0.0028070819863952323
0.75,19,bwk_vanilla,0.9982294387642825,109.78874923644501,143.57598632504505,0,0.9999997833472545,0.0017703445829719833
0.75,19,cbuc,0.9825736192460449,38.52258419489,143.57598632504505,0,0.9999997833472545,0.017426164101209562
0.75,19,cbuc_aggr,0.9988592099553717,40.41712373795213,143.57598632504505,0,0.9999997833472545,0.001140573391882782
0.75,20,react_capped,0.9964449830498368,59.65249930552234,141.12848763769452,0,0.9999997550320983,0.0035547719822615065
0.75,20,bwk_vanilla,0.993068961768808,82.46062332569444,141.12848763769452,0,0.9999997550320983,0.006930793263290269
0.75,20,cbuc,0.998985617160083,23.820133379904163,141.12848763769452,0,0.9999997550320983,0.0010141378720152083
0.75,20,cbuc_aggr,0.9976909658671542,27.225799544528236,141.12848763769452,0,0.9999997550320983,0.002308789164944036
0.75,21,react_capped,0.9990529875852562,90.42188396267906,136.06445615800723,0,0.9999996930529287,0.000946705467672504
0.75,21,bwk_vanilla,0.9986572912389966,104.45530674282682,136.06445615800723,0,0.9999996930529287,0.0013424018139320815
0.75,21,cbuc,0.9999998772622268,30.904465838394493,136.06445615800723,0,0.9999996930529287,-1.8420929814855214e-07
0.75,21,cbuc_aggr,0.9999999046684263,41.11305478028854,136.06445615800723,0,0.9999996930529287,-2.1161549756953946e-07
0.75,22,react_capped,0.9978153050023633,120.37038276925168,132.96607331015957,0,0.9999996370151162,0.002184332012752921
0.75,22,bwk_vanilla,0.9981687520950421,62.07181897079064,132.96607331015957,0,0.9999996370151162,0.001830884920074105
0.75,22,cbuc,0.998826018632619,18.406666651934692,132.96607331015957,0,0.9999996370151162,0.001173618382497188
0.75,22,cbuc_aggr,0.9998350841218968,26.04128262354294,132.96607331015957,0,0.9999996370151162,0.00016455289321937183
0.75,23,react_capped,0.9966434933207697,116.23867607793488,147.16298797662387,0,0.9999997117045354,0.0033562183837656523
0.75,23,bwk_vanilla,0.9996257936038354,116.5258478386282,147.16298797662387,0,0.9999997117045354,0.000373918100699977
0.75,23,cbuc,0.999979757167761,26.370066631113566,147.16298797662387,0,0.9999997117045354,1.9954536774391407e-05
0.75,23,cbuc_aggr,0.9999873880327476,28.67162040198517,147.16298797662387,0,0.9999997117045354,1.2323671787828339e-05
0.75,24,react_capped,0.9446559746953455,137.85232681179357,137.76056875067616,1,0.9999999557615288,0.05534398106618332
0.75,24,bwk_vanilla,0.9992277056965164,99.32044329540875,137.76056875067616,0,0.9999999557615288,0.0007722500650123587
0.75,24,cbuc,0.9999999999099738,56.69315451209939,137.76056875067616,0,0.9999999557615288,-4.414844501088311e-08
0.75,24,cbuc_aggr,0.9999999854820958,52.12810978457893,137.76056875067616,0,0.9999999557615288,-2.9720567007451848e-08
0.75,25,react_capped,0.9975814071387243,127.67485646635446,135.0906076085193,0,0.9999998957210816,0.00241848858235727
0.75,25,bwk_vanilla,0.9998665425409575,81.45366255265851,135.0906076085193,0,0.9999998957210816,0.00013335318012408504
0.75,25,cbuc,0.9998380972789762,8.04369901442169,135.0906076085193,0,0.9999998957210816,0.00016179844210539862
0.75,25,cbuc_aggr,0.9999997928128548,26.860185922793654,135.0906076085193,0,0.9999998957210816,1.0290822682890166e-07
0.75,26,react_capped,0.9995248392851711,176.49134616430644,130.8980166381663,1,0.999999997814327,0.00047515852915591683
0.75,26,bwk_vanilla,0.9999063486362116,93.0698860154936,130.8980166381663,0,0.999999997814327,9.364917811538476e-05
0.75,26,cbuc,0.9999378049976818,16.605382407457185,130.8980166381663,0,0.999999997814327,6.219281664521237e-05
0.75,26,cbuc_aggr,0.9999822917653807,24.04166373375932,130.8980166381663,0,0.999999997814327,1.7706048946353192e-05
0.75,27,react_capped,0.9993601170433035,88.47336105016736,141.7246935219073,0,0.9999997778952073,0.0006396608519038116
0.75,27,bwk_vanilla,0.9999576321225484,128.7170482826817,141.7246935219073,0,0.9999997778952073,4.214577265893027e-05
0.75,27,cbuc,0.9999907100189632,40.67096300501642,141.7246935219073,0,0.9999997778952073,9.067876244106543e-06
0.75,27,cbuc_aggr,0.9999705697468352,39.28422253674406,141.7246935219073,0,0.9999997778952073,2.920814837215069e-05
0.75,28,react_capped,0.9996161143077303,90.18513271118645,136.86509691938798,0,0.999999925918066,0.00038381161033562705
0.75,28,bwk_vanilla,0.9993490490635618,79.14792931571219,136.86509691938798,0,0.999999925918066,0.0006508768545041566
0.75,28,cbuc,0.9999049298636241,31.722309533883895,136.86509691938798,0,0.999999925918066,9.499605444185377e-05
0.75,28,cbuc_aggr,0.9999473565324768,21.247335161591995,136.86509691938798,0,0.999999925918066,5.256938558917401e-05
0.75,29,react_capped,0.9972239008310245,82.53467092590881,148.17430497648476,0,0.9999999243473844,0.00277602351635986
0.75,29,bwk_vanilla,0.999917469703914,120.08915034123841,148.17430497648476,0,0.9999999243473844,8.245464347034215e-05
0.75,29,cbuc,0.9992069205645706,34.49657024061336,148.17430497648476,0,0.9999999243473844,0.0007930037828137726
0.75,29,cbuc_aggr,0.9998928787361466,30.794064330538372,148.17430497648476,0,0.9999999243473844,0.00010704561123775491
1.0,0,react_capped,0.9995363831466816,56.25111265928689,139.74158093622958,0,0.9999999349886914,0.0004635518420098572
1.0,0,bwk_vanilla,0.9994860637494556,62.105179687739984,139.74158093622958,0,0.9999999349886914,0.0005138712392358524
1.0,0,cbuc,0.9998520018339312,12.948170350514014,139.74158093622958,0,0.9999999349886914,0.00014793315476024915
1.0,0,cbuc_aggr,0.9997258622553864,19.597885773894234,139.74158093622958,0,0.9999999349886914,0.0002740727333050419
1.0,1,react_capped,0.9999522197509136,86.88977676264408,121.42925958647295,0,0.999999974638206,4.775488729236166e-05
1.0,1,bwk_vanilla,0.9999930438434046,77.67189482613082,121.42925958647295,0,0.999999974638206,6.930794801407458e-06
1.0,1,cbuc,0.9991184805174216,18.752663903605068,121.42925958647295,0,0.999999974638206,0.0008814941207844207
1.0,1,cbuc_aggr,0.999090371826095,27.555516743713433,121.42925958647295,0,0.999999974638206,0.0009096028121110544
1.0,2,react_capped,0.9999941623478753,96.6524568345536,132.46917509869422,0,0.9999999993984109,5.837050535584254e-06
1.0,2,bwk_vanilla,0.9998612923081106,76.62743816642202,132.46917509869422,0,0.9999999993984109,0.00013870709030028294
1.0,2,cbuc,0.9997202159857507,10.365610190210402,132.46917509869422,0,0.9999999993984109,0.0002797834126602172
1.0,2,cbuc_aggr,0.9999895915667371,20.611712953781467,132.46917509869422,0,0.9999999993984109,1.040783167383097e-05
1.0,3,react_capped,0.9999029891846238,107.39202594162501,145.67407425418222,0,0.9999999948671212,9.700568249737529e-05
1.0,3,bwk_vanilla,0.9999373240836205,80.76318488439908,145.67407425418222,0,0.9999999948671212,6.267078350075117e-05
1.0,3,cbuc,0.9999596292978402,24.384689897716633,145.67407425418222,0,0.9999999948671212,4.036556928099788e-05
1.0,3,cbuc_aggr,0.9999999939967347,37.24190417001814,145.67407425418222,0,0.9999999948671212,8.703865406189948e-10
1.0,4,react_capped,0.9995672868779234,109.30846246390088,133.5959189406804,0,0.9999999577825646,0.00043267090464116365
1.0,4,bwk_vanilla,0.9998917150169038,88.30730058726708,133.5959189406804,0,0.9999999577825646,0.00010824276566079316
1.0,4,cbuc,0.9999978824494541,27.13395301064734,133.5959189406804,0,0.9999999577825646,2.0753331104739203e-06
1.0,4,cbuc_aggr,0.9999992995038278,30.921860969246378,133.5959189406804,0,0.9999999577825646,6.582787367426235e-07
1.0,5,react_capped,0.999997826559093,116.24350073005661,133.16124764526825,0,0.9999999943326475,2.167773554551111e-06
1.0,5,bwk_vanilla,0.9998312396816341,106.36534628841395,133.16124764526825,0,0.9999999943326475,0.00016875465101340303
1.0,5,cbuc,0.9999999998149751,49.60251679301001,133.16124764526825,0,0.9999999943326475,-5.48232759189915e-09
1.0,5,cbuc_aggr,0.999999999990562,40.72169149003,133.16124764526825,0,0.9999999943326475,-5.657914470269532e-09
1.0,6,react_capped,0.99976563469184,93.81583976827018,144.17993673559894,0,0.9999999217956744,0.00023428710383444074
1.0,6,bwk_vanilla,0.9999044140656932,120.50340905929589,144.17993673559894,0,0.9999999217956744,9.55077299812368e-05
1.0,6,cbuc,0.9961149764983754,28.400990388425406,144.17993673559894,0,0.9999999217956744,0.0038849452972989917
1.0,6,cbuc_aggr,0.9992615852416189,35.882254036391615,144.17993673559894,0,0.9999999217956744,0.0007383365540555298
1.0,7,react_capped,0.9997838479359895,109.26860556897286,137.61466069777805,0,0.9999999878160791,0.00021613988008961638
1.0,7,bwk_vanilla,0.9999407525590969,99.07203274030626,137.61466069777805,0,0.9999999878160791,5.923525698225962e-05
1.0,7,cbuc,0.9998786382139282,32.22491170478524,137.61466069777805,0,0.9999999878160791,0.00012134960215093304
1.0,7,cbuc_aggr,0.9999233944087547,36.1859086486744,137.61466069777805,0,0.9999999878160791,7.659340732446562e-05
1.0,8,react_capped,0.9997459753322542,81.0064648408116,118.53903650101542,0,0.9999999909920829,0.0002540156598287435
1.0,8,bwk_vanilla,0.9996125630569214,96.91115091629754,118.53903650101542,0,0.9999999909920829,0.00038742793516155505
1.0,8,cbuc,0.9999924768834317,36.49145542597269,118.53903650101542,0,0.9999999909920829,7.514108651185403e-06
1.0,8,cbuc_aggr,0.9999996390339271,45.533067867236426,118.53903650101542,0,0.9999999909920829,3.5195815584199153e-07
1.0,9,react_capped,0.9999966823519745,127.92212583546872,143.27739985053623,0,0.9999999991219958,3.3167700212999307e-06
1.0,9,bwk_vanilla,0.9998715009175094,168.72248045467524,143.27739985053623,1,0.9999999991219958,0.0001284982044863492
1.0,9,cbuc,0.9999999953632263,40.32091315895889,143.27739985053623,0,0.9999999991219958,3.7587695178586955e-09
1.0,9,cbuc_aggr,0.9999999521378532,52.01926187101519,143.27739985053623,0,0.9999999991219958,4.698414257653383e-08
1.0,10,react_capped,0.9997622308438655,60.099793148458055,131.7248755063403,0,0.9999999907502553,0.0002377599063897451
1.0,10,bwk_vanilla,0.9995538381324476,126.89262960765663,131.7248755063403,0,0.9999999907502553,0.00044615261780767135
1.0,10,cbuc,0.9997822128216167,19.875001032985317,131.7248755063403,0,0.9999999907502553,0.00021777792863852952
1.0,10,cbuc_aggr,0.9998903964091218,15.161404018345547,131.7248755063403,0,0.9999999907502553,0.00010959434113344546
1.0,11,react_capped,0.9998380843439028,74.23163869689837,120.3603348734084,0,0.9999999947206162,0.00016191037671342556
1.0,11,bwk_vanilla,0.9999637477622424,50.010652817003056,120.3603348734084,0,0.9999999947206162,3.6246958373786775e-05
1.0,11,cbuc,0.9999980477327356,29.74247871071255,120.3603348734084,0,0.9999999947206162,1.94698788058556e-06
1.0,11,cbuc_aggr,0.9999925363236118,21.462005948621737,120.3603348734084,0,0.9999999947206162,7.458397004334039e-06
1.0,12,react_capped,0.9996622236434269,114.91159220163495,114.48435564457209,1,0.9999999936838071,0.0003377700403801587
1.0,12,bwk_vanilla,0.9999744841889817,96.74719081275956,114.48435564457209,0,0.9999999936838071,2.5509494825382006e-05
1.0,12,cbuc,0.9999998984967823,39.28995999159882,114.48435564457209,0,0.9999999936838071,9.518702481781105e-08
1.0,12,cbuc_aggr,0.9999999985035247,46.86293796330538,114.48435564457209,0,0.9999999936838071,-4.819717625004216e-09
1.0,13,react_capped,0.998640058173623,68.2132987292838,134.75063177571008,0,0.9999999914343338,0.0013599332607108217
1.0,13,bwk_vanilla,0.9999148868327346,90.97328293113715,134.75063177571008,0,0.9999999914343338,8.510460159927291e-05
1.0,13,cbuc,0.9995786610506345,23.97809414244146,134.75063177571008,0,0.9999999914343338,0.0004213303836992921
1.0,13,cbuc_aggr,0.9991881980135197,24.28438155196099,134.75063177571008,0,0.9999999914343338,0.0008117934208141664
1.0,14,react_capped,0.9999470263389774,112.67206773939267,139.00295646639552,0,0.9999999964277367,5.2970088759374256e-05
1.0,14,bwk_vanilla,0.9999837646923653,71.86646237869914,139.00295646639552,0,0.9999999964277367,1.6231735371463607e-05
1.0,14,cbuc,0.9999996202415931,41.060076943429394,139.00295646639552,0,0.9999999964277367,3.7618614368017944e-07
1.0,14,cbuc_aggr,0.9999997934093018,37.636106329506376,139.00295646639552,0,0.9999999964277367,2.0301843495218463e-07
1.0,15,react_capped,0.9996837396326835,74.76858546200472,109.39461118700798,0,0.9999999766844487,0.00031623705176520023
1.0,15,bwk_vanilla,0.9999972598291327,102.09706459991723,109.39461118700798,0,0.9999999766844487,2.7168553160539233e-06
1.0,15,cbuc,0.9999887964311719,35.95865814100378,109.39461118700798,0,0.9999999766844487,1.1180253276843466e-05
1.0,15,cbuc_aggr,0.9999997805539248,41.21879416227864,109.39461118700798,0,0.9999999766844487,1.9613052393285813e-07
1.0,16,react_capped,0.9998591525133514,63.83220592270528,125.68507851217926,0,0.9999999777619509,0.00014082524859948542
1.0,16,bwk_vanilla,0.9999928900460794,70.5277279090276,125.68507851217926,0,0.9999999777619509,7.087715871545441e-06
1.0,16,cbuc,0.999949197710398,22.11189288262849,125.68507851217926,0,0.9999999777619509,5.0780051552901107e-05
1.0,16,cbuc_aggr,0.9999175341343265,29.633980615547983,125.68507851217926,0,0.9999999777619509,8.244362762444002e-05
1.0,17,react_capped,0.9999113013962384,111.05880315225792,143.8665877577115,0,0.9999999947852628,8.869338902439683e-05
1.0,17,bwk_vanilla,0.9998778472310286,184.779048061467,143.8665877577115,1,0.9999999947852628,0.00012214755423423096
1.0,17,cbuc,0.999999849107684,32.96058008031836,143.8665877577115,0,0.9999999947852628,1.4567757877781418e-07
1.0,17,cbuc_aggr,0.9999998962484387,30.33346498508341,143.8665877577115,0,0.9999999947852628,9.853682414462384e-08
1.0,18,react_capped,0.9999724559054167,104.2023223293215,130.5798871677666,0,0.9999999312576447,2.7475352228023553e-05
1.0,18,bwk_vanilla,0.999964976408353,95.7638911724058,130.5798871677666,0,0.9999999312576447,3.495484929172399e-05
1.0,18,cbuc,0.9999505924419029,16.985567686058218,130.5798871677666,0,0.9999999312576447,4.933881574187282e-05
1.0,18,cbuc_aggr,0.9999997677714256,39.41728902735509,130.5798871677666,0,0.9999999312576447,1.63486219117992e-07
1.0,19,react_capped,0.9998843685074708,100.76752875121535,132.91935034698244,0,0.9999999774969236,0.00011560898945284226
1.0,19,bwk_vanilla,0.9993697145825051,103.401698233236,132.91935034698244,0,0.9999999774969236,0.0006302629144184779
1.0,19,cbuc,0.9999262164887829,44.489797439829225,132.91935034698244,0,0.9999999774969236,7.376100814071584e-05
1.0,19,cbuc_aggr,0.999989302965213,21.12207395611543,132.91935034698244,0,0.9999999774969236,1.067453171055277e-05
1.0,20,react_capped,0.999996341561329,127.7184318702073,144.51533268140383,0,0.999999994324586,3.6527632569782753e-06
1.0,20,bwk_vanilla,0.9998014417786039,85.14236954776297,144.51533268140383,0,0.999999994324586,0.00019855254598211136
1.0,20,cbuc,0.9984675057993058,35.66409790605242,144.51533268140383,0,0.999999994324586,0.0015324885252802067
1.0,20,cbuc_aggr,0.9988240751635961,16.533648223707477,144.51533268140383,0,0.999999994324586,0.0011759191609899133
1.0,21,react_capped,0.9985586570123921,69.96106498416,127.15016132003399,0,0.9999997981430112,0.0014411411306191058
1.0,21,bwk_vanilla,0.9997331234033141,87.26751446769092,127.15016132003399,0,0.9999997981430112,0.00026667473969710365
1.0,21,cbuc,0.9836518647654822,17.82744956923245,127.15016132003399,0,0.9999997981430112,0.016347933377529045
1.0,21,cbuc_aggr,0.9531125071076484,15.08164344870711,127.15016132003399,0,0.9999997981430112,0.04688729103536282
1.0,22,react_capped,0.9998366708200439,84.33226160683913,120.91180225541622,0,0.9999999924280406,0.0001633216079967026
1.0,22,bwk_vanilla,0.9999208899329199,68.08925958554568,120.91180225541622,0,0.9999999924280406,7.910249512066425e-05
1.0,22,cbuc,0.9999995859979408,43.49213430572284,120.91180225541622,0,0.9999999924280406,4.0643009979746125e-07
1.0,22,cbuc_aggr,0.9999692286037849,25.32151726476391,120.91180225541622,0,0.9999999924280406,3.076382425570845e-05
1.0,23,react_capped,0.9994132260962469,112.76745464787771,154.53920370625573,0,0.9999999845527496,0.0005867584565026895
1.0,23,bwk_vanilla,0.9997298735371055,86.5552583775338,154.53920370625573,0,0.9999999845527496,0.00027011101564411444
1.0,23,cbuc,0.999999999428994,54.789586881497776,154.53920370625573,0,0.9999999845527496,-1.4876244347483691e-08
1.0,23,cbuc_aggr,0.9999999999869986,55.4748510397184,154.53920370625573,0,0.9999999845527496,-1.543424898997614e-08
1.0,24,react_capped,0.999891941217748,100.43028164783307,138.23524632029597,0,0.9999999936984092,0.00010805248066114714
1.0,24,bwk_vanilla,0.9999940873786264,134.5581746343519,138.23524632029597,0,0.9999999936984092,5.906319782811309e-06
1.0,24,cbuc,0.9999998015322533,43.61456830691662,138.23524632029597,0,0.9999999936984092,1.9216615587680508e-07
1.0,24,cbuc_aggr,0.9999999944856027,75.05274412312214,138.23524632029597,0,0.9999999936984092,-7.871935325809432e-10
1.0,25,react_capped,0.9999930783866183,106.76180642513475,138.23288436531152,0,0.9999999967646729,6.91837805455453e-06
1.0,25,bwk_vanilla,0.999661500468764,87.34178031199357,138.23288436531152,0,0.9999999967646729,0.0003384962959088744
1.0,25,cbuc,0.9996931630432611,27.258875358798157,138.23288436531152,0,0.9999999967646729,0.0003068337214118255
1.0,25,cbuc_aggr,0.9999791927855189,34.137706262410916,138.23288436531152,0,0.9999999967646729,2.080397915393828e-05
1.0,26,react_capped,0.9998686573628006,135.82899362508613,134.61986607912763,1,0.9999999946621779,0.00013133729937730987
1.0,26,bwk_vanilla,0.9999529151654218,95.67986892845114,134.61986607912763,0,0.9999999946621779,4.7079496756086137e-05
1.0,26,cbuc,0.9999999816805173,100.0754168753059,134.61986607912763,0,0.9999999946621779,1.2981660635347225e-08
1.0,26,cbuc_aggr,0.9999999846270827,39.94085181790948,134.61986607912763,0,0.9999999946621779,1.0035095199256716e-08
1.0,27,react_capped,0.9998774347833088,97.57067227426997,138.35603928707758,0,0.999999966430118,0.0001225316468091986
1.0,27,bwk_vanilla,0.9999046383272666,109.22177336093704,138.35603928707758,0,0.999999966430118,9.53281028513997e-05
1.0,27,cbuc,0.9999998771896507,18.183137453086328,138.35603928707758,0,0.999999966430118,8.924046734914981e-08
1.0,27,cbuc_aggr,0.9999984006552428,23.84774796906255,138.35603928707758,0,0.999999966430118,1.5657748752007095e-06
1.0,28,react_capped,0.9996106453313232,62.745353907248905,138.08076571285957,0,0.9999999696098458,0.0003893242785226736
1.0,28,bwk_vanilla,0.9997594733901968,96.76047127736085,138.08076571285957,0,0.9999999696098458,0.00024049621964905565
1.0,28,cbuc,0.9999910482027103,45.441422481664404,138.08076571285957,0,0.9999999696098458,8.921407135487058e-06
1.0,28,cbuc_aggr,0.999818284194257,17.859487808717,138.08076571285957,0,0.9999999696098458,0.00018168541558882811
1.0,29,react_capped,0.9999774170987107,109.8168084955816,141.70309647575544,0,0.9999999876555827,2.257055687204801e-05
1.0,29,bwk_vanilla,0.9997675105619356,90.68454445914882,141.70309647575544,0,0.9999999876555827,0.0002324770936471543
1.0,29,cbuc,0.9999958179364166,44.004764034741335,141.70309647575544,0,0.9999999876555827,4.169719166169372e-06
1.0,29,cbuc_aggr,0.999999041555861,37.242156290669584,141.70309647575544,0,0.9999999876555827,9.460997217880518e-07
