param,value,seed,utility,cost,budget,deadline,n_calls,budget_violated,deadline_violated
alpha,0.25,0,0.9864340054651508,12.626059353489719,143.2624220917369,19.273727243443677,10,0,0
alpha,0.25,1,0.984835874124407,31.74160807454757,145.53943796707992,19.986587020603373,17,0,0
alpha,0.25,2,1.0,108.01913252332224,125.59188646443184,19.20358235720888,83,0,0
alpha,0.25,3,0.9969244106182148,18.05397866921104,145.65151892870279,19.94009087912546,13,0,0
alpha,0.25,4,0.28048056517506925,9.413121556466997,160.54479268739698,19.926164936054636,6,0,0
alpha,0.25,5,0.21600752323024586,8.408321290700242,137.18782185617073,19.733787591833465,6,0,0
alpha,0.25,6,0.9871765559458878,34.163330242199734,141.197095719926,19.79014891667844,14,0,0
alpha,0.25,7,0.8170986455532401,33.302880533774925,127.41842482080672,19.88116495563439,17,0,0
alpha,0.25,8,0.9999858080731409,23.439005200410488,133.14264313272608,19.674346954351144,18,0,0
alpha,0.25,9,0.999468266719197,21.39731647287647,139.28697220106568,19.24820995246511,12,0,0
alpha,0.25,10,0.8053154981970887,39.12190637503138,143.13360202152205,19.950990370170977,17,0,0
alpha,0.25,11,0.9998302320288452,19.11110362934476,134.1431688664823,19.948608419732658,14,0,0
alpha,0.25,12,0.9939876241713014,11.14723154146755,117.64326918619939,19.920416563045038,12,0,0
alpha,0.25,13,0.3204158275005725,15.92755640404425,131.24249992581207,19.445058961685092,6,0,0
alpha,0.25,14,0.8410987965031356,37.417491603035444,120.86761212921745,19.620946051254432,20,0,0
alpha,0.25,15,0.9997230510281145,25.488197150879934,143.65591805291928,19.97420801361674,19,0,0
alpha,0.25,16,0.9662699876002554,41.22880188512012,145.18393388101356,18.75034332136473,15,0,0
alpha,0.25,17,0.8869064724284643,23.44519688765499,128.52704448141336,19.287854291263447,16,0,0
alpha,0.25,18,0.9996828013072785,14.646902383447934,134.29848383584306,19.606861047211794,15,0,0
alpha,0.25,19,0.8001114803581898,38.88924895665276,134.93415146437363,19.79911110326881,19,0,0
alpha,0.25,20,0.20095591337961305,6.449197688358597,120.1144940944684,19.876062334528747,6,0,0
alpha,0.25,21,0.6670391750808284,15.180722989136152,151.87297630073834,19.814060145469867,11,0,0
alpha,0.25,22,0.9933947378974411,25.38048777500121,128.11732429154398,19.978056184764913,16,0,0
alpha,0.25,23,0.9999870076466324,36.2451852262871,128.51476297853242,19.80131531531392,24,0,0
alpha,0.25,24,0.2485236503544681,15.730674172044832,138.14410055556587,19.82512886180095,6,0,0
alpha,0.25,25,0.9997900866453593,29.92364609010646,138.73740391284184,19.88307096359218,19,0,0
alpha,0.25,26,0.91428882137698,16.80372494185657,153.57561270622367,19.935379679122757,11,0,0
alpha,0.25,27,0.0734304316811254,9.521148144091324,141.94295460965094,19.522390348611566,6,0,0
alpha,0.25,28,0.3084523134851932,19.355354010415574,118.57156346641219,19.92691038943748,6,0,0
alpha,0.25,29,0.9999999999537438,72.83162473838033,145.7856656171605,19.653970491441857,40,0,0
alpha,0.25,30,0.9999999999999792,53.67675837594757,137.8497715315782,19.770477540533292,42,0,0
alpha,0.25,31,0.21186706883086026,6.591375088472264,124.96542964450079,19.90102636644269,6,0,0
alpha,0.25,32,0.9999999992302978,29.665120838977828,130.1499663868796,19.0885666368646,30,0,0
alpha,0.25,33,0.33088040033089816,8.31106936124403,151.45933954254113,18.582366421394966,6,0,0
alpha,0.25,34,0.9778382315911657,22.563271760393963,138.82765037095973,19.870907617946884,14,0,0
alpha,0.25,35,0.9999111564542178,14.951660577997169,137.53844333198973,19.49940255908552,14,0,0
alpha,0.25,36,0.9765500173521212,18.59910776673791,146.8759785647337,19.99390123839592,10,0,0
alpha,0.25,37,0.9296935690554253,26.850271954202693,143.36657256512186,19.87096377186258,16,0,0
alpha,0.25,38,0.9999999889828127,21.318044431960402,150.37584947938177,19.874346452270228,25,0,0
alpha,0.25,39,0.9619992156085252,18.634314920665922,131.55109887532356,19.794057767641863,16,0,0
alpha,0.5,0,0.9470854712686441,17.106634760333144,135.587728555416,19.386350155290117,12,0,0
alpha,0.5,1,0.1371190392119246,10.837799149690106,141.0992839769095,19.1291131570509,6,0,0
alpha,0.5,2,0.9977060797763813,98.96027975797446,154.48549577800807,19.505560828442906,19,0,0
alpha,0.5,3,0.9998879597650403,60.770991531203684,149.87939174018308,19.99888064132773,33,0,0
alpha,0.5,4,0.2460156606260484,6.653314708864118,135.44087767182404,19.966678512584366,6,0,0
alpha,0.5,5,0.3379810207226983,13.056194373820764,141.18155386379007,19.930721496004487,8,0,0
alpha,0.5,6,0.9369746272706594,35.751417576411555,146.59349621817864,19.874927220339337,14,0,0
alpha,0.5,7,0.9987692095726265,13.900865017572016,142.45233211200693,19.80869787998822,10,0,0
alpha,0.5,8,0.9739887105528345,34.851753296838126,140.701292794359,19.695577928377944,25,0,0
alpha,0.5,9,0.16289914088590007,7.447304610808837,133.83602065843004,19.921633965938035,6,0,0
alpha,0.5,10,0.6264953183245721,21.69331824958092,140.55311309308024,19.1647931047329,18,0,0
alpha,0.5,11,0.1818986420501414,25.98830608473882,145.56160201224426,19.74713349793571,6,0,0
alpha,0.5,12,0.30701053029096415,8.227168241200886,120.06018979034536,19.255796738841916,6,0,0
alpha,0.5,13,0.9641062139339294,56.94190306190747,128.13987751432362,19.875429585287165,33,0,0
alpha,0.5,14,0.9999999999716677,65.89541522629528,136.47760324099127,19.946952540697257,40,0,0
alpha,0.5,15,0.19724055723671907,9.769038531855752,132.3160368879642,19.768683449465676,6,0,0
alpha,0.5,16,0.21918731781385414,7.658234330280079,126.33955293711128,18.270224972542707,6,0,0
alpha,0.5,17,0.2001148005847443,5.91450327689112,135.35939606679815,19.715308313275134,6,0,0
alpha,0.5,18,0.9965798499615369,23.780930522276403,148.9162203348832,17.856126002589722,16,0,0
alpha,0.5,19,0.9408428543164101,24.89390832887244,138.41190507225673,19.987686232561668,14,0,0
alpha,0.5,20,0.2263092137416255,9.465159454196272,129.93946116054806,18.67380101451713,6,0,0
alpha,0.5,21,0.9960219781764755,11.151088274425367,142.51949527628202,19.799802434688043,10,0,0
alpha,0.5,22,0.09917708802115921,8.500478864415795,136.99904121473622,19.448026478082305,6,0,0
alpha,0.5,23,0.9967123172577322,16.59424893284685,140.01198064898017,19.565081449356995,11,0,0
alpha,0.5,24,0.999172443917968,30.64299437044056,136.06953802859178,19.88327376813641,15,0,0
alpha,0.5,25,0.2617103734414249,9.787277870275497,132.51877712843333,19.32137209564923,6,0,0
alpha,0.5,26,0.9357840938813007,27.11226034239079,143.865989011819,19.6842774350721,14,0,0
alpha,0.5,27,0.6479750614673134,50.87411887252429,116.44149518180701,19.972281009068116,23,0,0
alpha,0.5,28,0.2105214863020567,5.813968916802572,127.81161234967382,19.12688188083297,6,0,0
alpha,0.5,29,0.10878337464575205,9.605439876680503,131.62655069500076,19.67905519709435,6,0,0
alpha,0.5,30,0.9999990249936416,47.413081948522766,132.50665039327887,19.909974848797663,26,0,0
alpha,0.5,31,0.9981615112753548,41.66398286755014,144.44139107089129,19.89986670939803,20,0,0
alpha,0.5,32,0.999979444039369,80.71785053117812,139.9279953128894,19.482951653371195,25,0,0
alpha,0.5,33,0.9989877270627037,38.47874463097826,131.59236929424407,19.888983894721868,23,0,0
alpha,0.5,34,0.9999999999999833,109.93556949577757,128.66266130940005,19.7593926059396,51,0,0
alpha,0.5,35,0.833374174178926,32.75404921131894,138.30239304181754,19.63296773233412,18,0,0
alpha,0.5,36,0.9975516035229247,23.189626770987275,131.03896440283657,19.564229731451434,18,0,0
alpha,0.5,37,0.9999844915771912,18.51054387089052,125.63861415482504,19.640380871659012,19,0,0
alpha,0.5,38,0.30562837375484153,4.758436452533137,118.81515374213488,19.82727248657359,6,0,0
alpha,0.5,39,0.11129089254949098,7.928980852609232,139.09910522320365,19.972442933486306,6,0,0
alpha,1.0,0,0.04789380357994799,7.241324571978938,140.9182985635968,19.82399173488025,6,0,0
alpha,1.0,1,0.9960719306898922,31.5389808200208,134.82203931322033,19.881605258508102,20,0,0
alpha,1.0,2,0.33642127009668965,13.474799970395916,146.5287292621493,19.196379135144976,6,0,0
alpha,1.0,3,0.8789430894799732,32.83915601498563,142.5582639654288,19.648895472033708,17,0,0
alpha,1.0,4,0.17611720368257577,6.496441584557838,141.83989385131804,19.533990234402342,6,0,0
alpha,1.0,5,0.9999974234267212,41.02520678204838,110.16270513117794,19.893187736184412,25,0,0
alpha,1.0,6,0.10986030005739289,4.847516192448308,137.25799354077685,19.97070106742395,6,0,0
alpha,1.0,7,0.9475133686153072,26.156070424995434,127.79676903855612,19.951711948898513,16,0,0
alpha,1.0,8,0.9954036542141652,18.24572341960264,144.53229366620343,19.80500842245543,15,0,0
alpha,1.0,9,0.2799976162962229,7.383234539791495,144.57494715208253,19.83313420304053,6,0,0
alpha,1.0,10,0.9973923823797783,23.994207921339978,117.53121402907314,19.18877318435755,16,0,0
alpha,1.0,11,0.9987278320183998,18.481548871120285,125.20758802763112,19.58387674515016,13,0,0
alpha,1.0,12,0.19330086439352578,7.868725941966206,136.2891698394562,19.916622497681413,6,0,0
alpha,1.0,13,0.9853752861050418,15.242126989283205,138.4345554729156,18.467196867549028,12,0,0
alpha,1.0,14,0.9216381014409498,60.553724020073105,141.06742752605803,19.79988682070558,18,0,0
alpha,1.0,15,0.7989582367473052,26.278019455003573,130.88673775282825,19.638193615537254,14,0,0
alpha,1.0,16,0.07365658273164533,5.899650587352001,140.58631819962895,19.988017888141865,6,0,0
alpha,1.0,17,0.12783473195294304,18.797414719990616,142.43521606908857,19.5987256979371,6,0,0
alpha,1.0,18,0.1683501461371799,7.440696031260396,155.0823292355684,19.60666037514872,6,0,0
alpha,1.0,19,0.9919841995355695,47.92302668000565,131.60824276103375,19.862898078778638,28,0,0
alpha,1.0,20,0.9974997612746596,21.048284388812167,134.29226761742163,19.958703892824378,17,0,0
alpha,1.0,21,0.9981961934071815,20.639529350641066,139.12113008344372,19.843787378916698,13,0,0
alpha,1.0,22,0.9225428121514038,21.324030441389247,140.66756343517122,19.803204055432648,14,0,0
alpha,1.0,23,0.11979302209099074,11.367508219358523,136.5863853511848,19.480229956760965,6,0,0
alpha,1.0,24,0.9999691585457,21.345064536062573,138.17123892700104,19.94516111902214,18,0,0
alpha,1.0,25,0.9973349047152917,23.082473399554445,135.88020396365374,19.25849627610971,15,0,0
alpha,1.0,26,0.9999317200748293,31.813216163864592,143.1248727696422,19.80792683335864,20,0,0
alpha,1.0,27,0.9982201142940165,21.078219739714605,130.57836900741074,19.420525435150985,16,0,0
alpha,1.0,28,0.052589870427794616,14.281662744096522,147.465555274769,19.412142967066202,6,0,0
alpha,1.0,29,0.03989288413016645,7.029194897220624,130.42183078406205,18.932451989928257,6,0,0
alpha,1.0,30,0.08807185370189163,7.340726620943298,151.11096179152463,19.9252085629421,6,0,0
alpha,1.0,31,0.20311961501725706,6.909065531187874,149.15941366616298,19.871201634054508,6,0,0
alpha,1.0,32,0.9999276760259452,41.943332981393105,142.91676154637193,19.84641866559803,24,0,0
alpha,1.0,33,0.9566155897597866,28.377256978848592,130.506759931809,19.777003045958736,17,0,0
alpha,1.0,34,0.11686754128795684,13.786252525753543,132.9610802154222,19.88655045064477,6,0,0
alpha,1.0,35,0.9815711772522652,19.243862667867127,136.9327162943822,19.836250928435575,14,0,0
alpha,1.0,36,0.9999998179644812,47.34020208698443,153.0181221973548,19.567585729708593,31,0,0
alpha,1.0,37,0.9532548091615283,45.64045008894852,140.89289672768192,19.72624671210666,22,0,0
alpha,1.0,38,0.34730563058615005,9.92576291864641,133.1253098712788,19.633510268365523,6,0,0
alpha,1.0,39,0.9999999738719508,109.04022445507647,155.3379970668439,19.99683355705441,25,0,0
alpha,1.5,0,0.6963418224566211,34.35320983981507,137.89631199191288,19.991287378496622,27,0,0
alpha,1.5,1,0.9268040096413488,51.78275536797294,147.65681597713458,19.60417075082427,25,0,0
alpha,1.5,2,0.17074916310514465,8.02042276014094,151.22357072303768,19.485027239327536,6,0,0
alpha,1.5,3,0.9939937564642977,68.48321832203911,135.98800305696625,19.072753308148155,17,0,0
alpha,1.5,4,0.05142540249682237,6.852292272603659,129.86753556933985,19.658445305307385,6,0,0
alpha,1.5,5,0.9982073093376397,24.67251432501956,138.58739644977362,19.8850671800549,18,0,0
alpha,1.5,6,0.7035329151473638,25.41334935965725,152.63642799849495,19.68799226363999,16,0,0
alpha,1.5,7,0.0,7.472861594328413,136.33679582052247,19.795082862018102,6,0,0
alpha,1.5,8,0.05395929038482794,7.381295629332481,146.94573413600463,19.829734676305463,6,0,0
alpha,1.5,9,0.9994619691876996,17.01248708558739,138.7212846479418,19.879945547363928,12,0,0
alpha,1.5,10,0.06856838877573512,10.226314426295934,138.24775601256556,19.634399072330147,6,0,0
alpha,1.5,11,0.9666641463025116,27.517837343157005,133.06380839248223,19.40022302179963,16,0,0
alpha,1.5,12,0.9893147780711998,29.815021027241443,141.7838736784221,19.475342845687138,19,0,0
alpha,1.5,13,0.8776188848254733,19.591417533284037,144.18967321701786,19.28315535251228,13,0,0
alpha,1.5,14,0.2749870414802842,14.765092853068998,148.10161931694748,19.94731612408646,10,0,0
alpha,1.5,15,0.5451237576192087,13.537080503940839,152.5165229879927,19.519983602231463,11,0,0
alpha,1.5,16,0.19044879534920545,8.786711243820715,129.2154596653402,19.594900990884863,6,0,0
alpha,1.5,17,0.05222121109769062,8.166635704323742,137.79053268663495,19.694324134441906,6,0,0
alpha,1.5,18,0.9912101559497972,57.858752575172275,147.15965589969775,19.965807181915302,13,0,0
alpha,1.5,19,0.9777768958549694,17.01079184557042,133.7251880801041,18.672913679531057,12,0,0
alpha,1.5,20,0.7424115912065528,16.880173876280026,135.20194130422368,19.38145349412784,12,0,0
alpha,1.5,21,0.6141549772525241,30.880276326253252,133.3022940071093,19.291488511050467,17,0,0
alpha,1.5,22,0.037662512358037414,6.721209617979462,140.6997216751957,19.940466745555796,6,0,0
alpha,1.5,23,0.8905117546258723,30.193898865655246,126.85169073903022,19.991354876439946,19,0,0
alpha,1.5,24,0.3816889096380329,7.2730492257164405,126.73787248075841,19.608142816032085,6,0,0
alpha,1.5,25,0.9881692245350796,29.05141477829626,131.76837230537117,19.948909662864725,17,0,0
alpha,1.5,26,0.984514117630677,20.815242272257002,143.71707438122846,19.8863166186241,17,0,0
alpha,1.5,27,0.9980476248491003,31.04554631053293,145.81860046589225,19.921453384203605,19,0,0
alpha,1.5,28,0.07598022234563007,6.3262960892395865,133.49651235662887,19.94934374419636,6,0,0
alpha,1.5,29,0.8697561661627866,22.725459704903106,147.25464916720364,19.5301031298607,14,0,0
alpha,1.5,30,0.9994786258620568,52.78516859862121,127.20829845883712,18.954025226134434,24,0,0
alpha,1.5,31,0.993977535137843,40.2720368883937,126.9191712125254,19.864744398410593,23,0,0
alpha,1.5,32,0.99840848789948,26.49378528553926,139.4217736885949,19.60051408108595,17,0,0
alpha,1.5,33,0.03324092078154295,12.109011863384826,131.51622391886252,19.989012424497428,6,0,0
alpha,1.5,34,0.9966133183017051,25.20040131548427,136.9883202068158,19.948143057686053,16,0,0
alpha,1.5,35,0.8391629215495778,24.446273323404846,144.27752263389232,19.176651080137535,18,0,0
alpha,1.5,36,0.8916279492669554,28.429400807164402,135.55342035516244,18.6514016557287,17,0,0
alpha,1.5,37,0.9907933890866949,21.67317054376238,128.3400895975224,19.56353804359576,15,0,0
alpha,1.5,38,0.9831594818610013,32.922650987175054,134.17905359073026,19.375463308550366,21,0,0
alpha,1.5,39,0.9680374499760509,37.13032909187856,143.92688723115285,19.997322519108074,22,0,0
alpha,2.0,0,0.9511960707465048,19.6590098312802,136.05873535288868,19.84494662211961,13,0,0
alpha,2.0,1,0.18361710737154313,9.490244962059002,124.3036157375249,19.758866178749642,6,0,0
alpha,2.0,2,0.11026219011922778,7.954669665761993,141.42836231333638,19.850101795890854,6,0,0
alpha,2.0,3,0.8990112344048402,17.78887075666879,133.79582495241877,19.95395727162396,15,0,0
alpha,2.0,4,0.9755974135219644,42.09182817839838,123.97863852709642,19.982854777392387,22,0,0
alpha,2.0,5,0.9615428059146182,42.88663884148575,134.11085298380624,19.529341540306977,18,0,0
alpha,2.0,6,0.8647947768143125,19.939732791846755,131.11310974469,19.90752575264796,17,0,0
alpha,2.0,7,0.921752117228191,48.88738531071534,122.25008907325598,19.574959965467357,23,0,0
alpha,2.0,8,0.7441298363710784,24.384982670563854,151.01525745663204,19.720432633712623,17,0,0
alpha,2.0,9,0.2761413352913684,9.628494529632082,140.94485761665607,19.897738955799877,6,0,0
alpha,2.0,10,0.9662639929780643,31.300772074379054,127.98091720555095,19.749700890877246,18,0,0
alpha,2.0,11,0.3179713388982712,11.72478969370849,137.26156889621473,19.813607729639703,6,0,0
alpha,2.0,12,0.8207320887483782,23.10983609962891,131.89104477777016,19.631581619913398,18,0,0
alpha,2.0,13,0.807553982509599,23.884206046723985,150.94407157539646,19.158084632682687,14,0,0
alpha,2.0,14,0.17222890332646135,12.470109237905376,137.86336742750555,19.962833202110495,6,0,0
alpha,2.0,15,0.9999771459996717,36.32549103508199,144.89365712534914,19.881625712177694,20,0,0
alpha,2.0,16,0.9945150111056765,57.75985570561991,134.46464567923752,19.675616024351662,27,0,0
alpha,2.0,17,0.4397776432074235,11.516701300718347,124.01734269884662,19.762535309688342,6,0,0
alpha,2.0,18,0.28055354040439784,9.008024878589868,127.99529289042455,19.388065848286175,6,0,0
alpha,2.0,19,0.943510048764519,35.42913056245484,124.74798965759815,19.65248526725755,18,0,0
alpha,2.0,20,0.4442525412170738,12.217181706629693,130.08881191350562,19.918688251210774,6,0,0
alpha,2.0,21,0.9946200868194434,52.09930361907153,143.14002450022036,19.52856205003464,24,0,0
alpha,2.0,22,0.11353507973954757,8.700312162849027,153.49815195157677,18.95482005128217,6,0,0
alpha,2.0,23,0.8733334678574403,25.908514445632214,132.63866804268642,19.87020221640269,17,0,0
alpha,2.0,24,0.0,6.135701505271152,134.71282587970614,19.53047005292651,6,0,0
alpha,2.0,25,0.06729054895534514,11.677243540557916,147.27331220801992,19.824426778023703,6,0,0
alpha,2.0,26,0.9448209444989351,52.277917316892086,138.7414083467592,19.88694011197505,17,0,0
alpha,2.0,27,0.9736392381447443,30.802789550624034,139.36642795133363,19.88826517975155,16,0,0
alpha,2.0,28,0.9893522023335157,31.420599663589194,143.08248478588402,19.93451873332824,19,0,0
alpha,2.0,29,0.1993155780212209,10.398772612182174,127.24290083931622,19.351613644091408,6,0,0
alpha,2.0,30,0.9770040729924903,30.003519560621857,161.59313269531236,19.954545733426702,16,0,0
alpha,2.0,31,0.8128465108880216,27.178177219633067,131.07127963248269,18.6441628237358,20,0,0
alpha,2.0,32,0.9973808188709391,39.46853552516831,124.06696104306678,19.016124871303678,23,0,0
alpha,2.0,33,0.9954742044268946,39.817488994783645,141.79058575220682,19.78366007770389,22,0,0
alpha,2.0,34,0.9554084474760723,29.166981610478295,124.31836270498535,18.323865530786236,18,0,0
alpha,2.0,35,0.999382742770643,37.100288994430315,146.97800524716246,19.822929443148766,19,0,0
alpha,2.0,36,0.76954249481499,35.12459888139023,138.53142700739457,19.438940037041892,20,0,0
alpha,2.0,37,0.16307991192782578,12.186509486277794,148.16252377751263,19.91949534824932,6,0,0
alpha,2.0,38,0.9024144267941338,21.271262867361635,139.8601313356529,19.08148511750277,18,0,0
alpha,2.0,39,0.9999626397461149,35.62713419475253,132.0062444516515,19.881814355517356,28,0,0
alpha,3.0,0,0.33916998402565746,11.475273152307556,136.40099508934756,19.56312733300565,6,0,0
alpha,3.0,1,0.9999976359863368,49.204987688626545,142.84038689478163,19.961113335233666,29,0,0
alpha,3.0,2,0.9146426434842854,23.24735853724458,151.748177309219,19.99038818972839,15,0,0
alpha,3.0,3,0.9971560795950778,34.398685332891134,136.28760577766718,19.94367821564678,20,0,0
alpha,3.0,4,0.9282300238165662,26.817581502244757,131.01548431502064,19.915217779228293,14,0,0
alpha,3.0,5,0.9832818487838036,17.358568465622717,149.33336454465245,19.69637796290886,11,0,0
alpha,3.0,6,0.6395495156927163,24.536050599044252,126.55209712563077,19.86993088686194,14,0,0
alpha,3.0,7,0.7945077951300067,23.20469608721163,148.7419324445533,19.584242215613962,15,0,0
alpha,3.0,8,0.1339827785128911,5.730354532762661,139.92385079013988,19.87704963495569,6,0,0
alpha,3.0,9,0.7058780226657904,20.445013634147113,136.717012705972,19.762982826261513,16,0,0
alpha,3.0,10,0.4886626881129851,22.864706984775644,139.53704302188356,19.759855482008177,13,0,0
alpha,3.0,11,0.16545058286534775,21.398937334907533,142.11906871881425,18.881988822790863,6,0,0
alpha,3.0,12,0.7059278374760309,38.983450534683534,131.36517074246,19.89822128244683,23,0,0
alpha,3.0,13,0.1614862429319902,8.493760863942592,136.4461547241643,19.67659247876218,6,0,0
alpha,3.0,14,0.9045495259923597,42.81063293914212,150.70096728794314,19.5047880939765,17,0,0
alpha,3.0,15,0.9715077074006598,38.92851378074686,139.98617059580613,19.858286458952218,29,0,0
alpha,3.0,16,0.7748533790556422,30.91284133836787,132.6817257433571,19.46259657057163,21,0,0
alpha,3.0,17,0.933574751943769,32.73755035936395,124.55287044669659,19.48261073621164,21,0,0
alpha,3.0,18,0.7350829415068317,20.23459304040756,145.96829066729342,19.732999307034753,13,0,0
alpha,3.0,19,0.0,14.995419487498847,133.28594580775626,19.899987311242423,6,0,0
alpha,3.0,20,0.19427390889656437,9.495922574029997,133.22846797362914,19.446258146073056,6,0,0
alpha,3.0,21,0.23756743964729865,7.8062687124047185,138.9939578549572,19.169763374414195,6,0,0
alpha,3.0,22,0.9972490856574512,26.693570226265074,128.7034435733528,19.791064006320635,20,0,0
alpha,3.0,23,0.19741968565621637,6.594725401820488,116.19840039964434,19.06427635780648,6,0,0
alpha,3.0,24,0.16324273744641404,7.210142816542499,138.63558860454373,19.623604595414477,6,0,0
alpha,3.0,25,0.9798088609945739,18.601190309272432,147.32904386466254,19.220421990397696,16,0,0
alpha,3.0,26,0.9989118193618216,24.25767944438655,147.48253015619426,19.780841268110947,18,0,0
alpha,3.0,27,0.2697090551168059,9.695848153544228,147.83942974534577,19.940916274606835,6,0,0
alpha,3.0,28,0.13603482056264815,5.874658966578567,118.33007062433286,19.99668350876069,6,0,0
alpha,3.0,29,0.732857376520919,37.27509776723492,135.81224642120682,19.940753212490517,14,0,0
alpha,3.0,30,0.24325607215694156,8.806323884859573,127.1226810604837,19.422748022680757,6,0,0
alpha,3.0,31,0.0,7.698970071161405,139.5986964550037,19.96782694817969,6,0,0
alpha,3.0,32,0.9210391601072254,29.473053744256664,136.29085736129298,19.412993234633284,15,0,0
alpha,3.0,33,0.9799631019015734,22.75615207507428,125.83271371741759,19.864150439475342,14,0,0
alpha,3.0,34,0.537322693742925,26.934655011468223,112.09928382868941,17.75063506131898,13,0,0
alpha,3.0,35,0.7881119969227804,39.851970143156464,135.9409995273962,19.869549476527272,14,0,0
alpha,3.0,36,0.8862689331233117,18.678551382845512,135.69259215525759,19.277973163003445,13,0,0
alpha,3.0,37,0.9995355718104123,58.32725724778907,139.13076965847972,19.14055258776721,20,0,0
alpha,3.0,38,0.9998136821732385,42.403893978359775,139.15375900906196,19.814674913951794,28,0,0
alpha,3.0,39,0.24207013239211972,10.796578120665622,146.15413613494843,19.577824636863113,6,0,0
beta,0.5,0,0.990570498277992,24.189854875019048,138.45595138617307,19.79831315111142,17,0,0
beta,0.5,1,0.9991238076814459,22.43901992957794,128.53350870282495,19.421114789736464,13,0,0
beta,0.5,2,0.9857871570058704,58.61755820877872,145.74329524207283,19.406469506214734,30,0,0
beta,0.5,3,0.11168138603995847,7.605908839240939,147.3464896387357,19.749411953327396,6,0,0
beta,0.5,4,0.9984139463454829,24.14423462952108,134.0694720427166,19.17554553182602,18,0,0
beta,0.5,5,0.9998771002741239,23.834390314974222,133.95755411346542,19.976762446196425,20,0,0
beta,0.5,6,0.9974441492832439,38.87915546443682,139.75296048696057,19.58132523287313,21,0,0
beta,0.5,7,0.9999736096990599,36.99904473200419,135.69626763451444,19.87790396223045,21,0,0
beta,0.5,8,0.18625340264258794,7.3169988807996225,148.61941657223474,19.324247438680935,6,0,0
beta,0.5,9,0.0,6.864279275276615,157.57070742185005,19.776813486751475,6,0,0
beta,0.5,10,0.11222208837405112,11.22469559771613,167.75678594278568,19.827842302371387,6,0,0
beta,0.5,11,0.9806148577962351,49.7499082405282,142.43754933221558,19.581024736029775,26,0,0
beta,0.5,12,0.9993707135828966,38.11035151293512,133.70740214183985,19.79421914740733,21,0,0
beta,0.5,13,0.9998646987054085,57.47732325376612,131.0402145798244,19.70623753691147,33,0,0
beta,0.5,14,0.9701110412084551,35.05920311494046,135.58003262431782,19.423353941845797,18,0,0
beta,0.5,15,0.8259180155263834,57.96742669945343,140.09733671106608,19.857192033412176,18,0,0
beta,0.5,16,0.9005443443737409,33.728951291748146,142.38874537037427,19.716686608383768,21,0,0
beta,0.5,17,0.9991285609028501,20.14645736246126,141.19601381633657,19.98137169954908,14,0,0
beta,0.5,18,0.2729573818233748,9.035219400721356,132.15335874286734,18.976620778981285,6,0,0
beta,0.5,19,0.9600068236458146,16.07223597759665,129.97085185932008,19.855465468627955,11,0,0
beta,0.5,20,0.7792602978621548,37.116994057784034,133.65052854674212,19.225028893212674,19,0,0
beta,0.5,21,0.623630924170774,34.245394885259465,147.56994433424944,19.85677914950521,19,0,0
beta,0.5,22,0.9647715523627662,23.661578102816385,140.2091841465231,19.015417851028896,15,0,0
beta,0.5,23,0.9999999998816772,60.94440735489634,144.08360180829885,19.861209635496017,41,0,0
beta,0.5,24,0.14000882191749286,12.97770532212791,135.0816018011889,19.427697458469307,6,0,0
beta,0.5,25,0.9825770041174078,46.30648731563202,128.98909398673538,19.90960118264431,19,0,0
beta,0.5,26,0.7626477478638671,56.94462601818641,126.33793174454561,19.728475307152046,19,0,0
beta,0.5,27,0.9999929763867935,33.640686132943976,131.01496025385805,19.963667834437715,26,0,0
beta,0.5,28,0.8074083330070212,18.164938521759126,133.94279803040982,19.87409564665488,15,0,0
beta,0.5,29,0.9999509178114238,31.318759653132467,146.45240595160308,19.92284854195947,19,0,0
beta,0.5,30,0.9466448243329663,31.91945202993636,152.22095855862162,19.718400311290097,17,0,0
beta,0.5,31,0.9995832539101532,23.519098894903408,142.8273933897579,19.805998928882847,17,0,0
beta,0.5,32,0.17733397664106787,9.123526902622157,150.82187716023603,19.731034870269383,6,0,0
beta,0.5,33,0.9999849624906919,36.85100085917358,150.07648159038362,19.975487403861255,21,0,0
beta,0.5,34,0.9990095642981419,36.45644844319764,116.23077346041049,19.385419028954086,23,0,0
beta,0.5,35,0.14039879051103055,5.906678353007954,148.14324584908422,19.827372595223768,6,0,0
beta,0.5,36,0.2408607005187754,11.570642555666204,133.09270369242577,19.792974780860572,6,0,0
beta,0.5,37,0.28207760055773035,8.850637273247749,136.30651174256369,19.902921199421286,6,0,0
beta,0.5,38,0.19403824956621463,8.00700617681846,136.36069098549444,19.559475422046223,6,0,0
beta,0.5,39,0.9999811616509329,19.272962559411585,150.82634391705332,19.857118812747366,18,0,0
beta,1.0,0,0.9970587626523594,42.710204955677554,148.24292717478056,19.576065570615256,22,0,0
beta,1.0,1,0.9995827385128961,53.60054673130384,125.49653136145523,19.783127399432786,18,0,0
beta,1.0,2,0.23467484062649624,10.111858108485258,153.4720900030451,19.67153511791723,6,0,0
beta,1.0,3,0.82473518836398,35.70405796504289,133.82388545389543,19.861753262061157,22,0,0
beta,1.0,4,0.9430190484073744,22.59741562711634,140.35211044275974,19.330073740836312,12,0,0
beta,1.0,5,0.06941384844005727,6.266937882208357,148.2481156965727,19.49476119667759,6,0,0
beta,1.0,6,0.09740171984201607,9.72023617242189,137.45119111551722,19.449639211014897,6,0,0
beta,1.0,7,0.9999999999496522,65.18870204170805,147.94970858209618,19.69380138511874,37,0,0
beta,1.0,8,0.5882269104822163,17.904322341568157,147.45675911928697,19.9164523283813,14,0,0
beta,1.0,9,0.9988583996111083,41.68677517889823,141.70585458418236,19.982360909075847,22,0,0
beta,1.0,10,0.10832368103315304,7.281562244065736,146.7814079943039,19.68362993964075,6,0,0
beta,1.0,11,0.23310401971998618,10.671582912880794,145.45485089946283,19.670787730142912,6,0,0
beta,1.0,12,0.750435782593493,47.0687346891796,132.63703359870777,19.734651915672874,18,0,0
beta,1.0,13,0.9914970808487794,32.381138426273,125.06550850822074,19.722478116075262,22,0,0
beta,1.0,14,0.08937834638358233,6.8636946701035555,139.93327616078253,19.612880686262372,6,0,0
beta,1.0,15,0.9999317937099522,12.863070828949404,134.77173752868742,19.992230128868357,11,0,0
beta,1.0,16,0.08246027256738853,11.215118612007197,146.4384805505877,19.785383577853487,6,0,0
beta,1.0,17,0.7359997303837653,28.679699049659373,130.70259580478094,19.755847143817476,16,0,0
beta,1.0,18,0.9990882825433305,24.893563859662425,130.48044762081867,19.989418369578814,17,0,0
beta,1.0,19,0.9542779902095957,30.659708431949426,133.1588609287995,19.766111170894185,16,0,0
beta,1.0,20,0.11170091025265161,9.053427131779559,137.32829862810368,19.746258992156772,6,0,0
beta,1.0,21,0.9999997574255779,54.97762490365225,134.27541552264785,19.3218487648654,39,0,0
beta,1.0,22,0.9986017591695835,19.261080954547648,124.87425303423768,19.321686074286575,15,0,0
beta,1.0,23,0.28301321215983033,9.308736107304002,146.7777706158437,19.859927381649165,6,0,0
beta,1.0,24,0.019664391953368887,8.119981215192862,144.34354611525183,19.96442751806501,6,0,0
beta,1.0,25,0.1732515495937772,13.758847136157481,138.63252093228246,19.992669778302133,6,0,0
beta,1.0,26,0.2520808365189079,13.057235082385855,142.40618504055823,19.64208223454849,6,0,0
beta,1.0,27,0.29439186397864614,8.37502067006411,145.1028025443176,19.470663193580307,6,0,0
beta,1.0,28,0.9999768808354925,24.6545526407403,126.70573656366793,19.859701771359205,19,0,0
beta,1.0,29,0.9610090196886549,43.29681497037008,134.52838748576906,19.919366900096787,18,0,0
beta,1.0,30,0.43212168911390114,6.412330139779382,124.69456671076568,19.617509170813253,6,0,0
beta,1.0,31,0.29775501173753616,8.849211760531105,140.2439859869105,19.92047803257964,6,0,0
beta,1.0,32,0.3586542320951921,9.746218986616197,143.77595982455253,19.973273495291537,9,0,0
beta,1.0,33,0.9999675252461783,55.29386356858402,133.40997729830278,19.44956027751973,28,0,0
beta,1.0,34,0.999829478673081,42.47123728817229,140.6255788735881,19.17177163940304,20,0,0
beta,1.0,35,0.12666336434662606,17.12557696000499,133.56888580180942,19.78399430829693,6,0,0
beta,1.0,36,0.8540905977555989,48.4644910034338,161.02229841492752,19.653804616368557,22,0,0
beta,1.0,37,0.37317035771024143,7.398263094256194,152.66439016639137,19.448676943944513,6,0,0
beta,1.0,38,0.9838538597787103,37.96362982482988,138.04622853105982,19.869552299661407,20,0,0
beta,1.0,39,0.9965825715292408,17.416252240803704,167.04980000787992,19.796682726761286,13,0,0
beta,1.5,0,0.7701513409185219,38.60623364568537,128.15317051861481,19.893501316918332,14,0,0
beta,1.5,1,0.24041528501812393,6.180408081020576,120.89802867557216,19.9664917404634,6,0,0
beta,1.5,2,0.9886861780889665,32.790806633230154,135.67262912331086,19.63760199943924,21,0,0
beta,1.5,3,0.8401647873472506,29.825185520699005,139.0248791767091,19.805788332162887,17,0,0
beta,1.5,4,0.9999953054655472,42.95347353516514,122.07113366507878,18.955514479682172,31,0,0
beta,1.5,5,0.2316665802133473,9.935809171779741,132.0010229238923,19.938605538149943,6,0,0
beta,1.5,6,0.17303737594707458,10.377633698213623,143.57251892112652,19.014164088906167,6,0,0
beta,1.5,7,0.9983990964630671,36.72863505101981,129.73319613476764,19.9241377801064,21,0,0
beta,1.5,8,0.8331439365167361,40.4983245466238,150.08892312810056,19.95221014117749,18,0,0
beta,1.5,9,0.029864022360385434,6.818378545538555,137.82083775634476,19.644394421752644,6,0,0
beta,1.5,10,0.9944101176470185,19.653128502790413,150.40587740514704,19.998700642408373,13,0,0
beta,1.5,11,0.9983637253899312,18.379744598445576,142.44162225368984,19.533973746050187,15,0,0
beta,1.5,12,0.934149732769104,19.98610935976159,127.3559472227438,19.87469464287852,14,0,0
beta,1.5,13,0.18712796418153765,8.759971642918481,150.96921137821508,19.895493574297028,6,0,0
beta,1.5,14,0.9998967637694088,26.528368562769227,138.67344211891955,19.857147992725235,17,0,0
beta,1.5,15,0.1044481095505071,16.186611148213032,149.3496403445598,19.31000466374551,6,0,0
beta,1.5,16,0.999999999840666,39.222066306925704,145.76092152178822,19.836471482461512,27,0,0
beta,1.5,17,0.4538031860190477,17.999511866882802,124.18860305571515,19.998838333264896,8,0,0
beta,1.5,18,0.4076507489653577,28.59751477563683,155.76747737757154,18.894107623649226,11,0,0
beta,1.5,19,0.9634551067344029,21.96412380279047,123.90205896540569,19.93027278000608,15,0,0
beta,1.5,20,0.997003257553298,47.024804868375604,125.12803196682634,19.91412845191593,25,0,0
beta,1.5,21,0.9514066148798132,34.54793899505679,139.95315852911406,19.935540889411662,19,0,0
beta,1.5,22,0.9973173347199029,30.909281134250314,153.71638980375317,19.893834175726138,20,0,0
beta,1.5,23,0.6655647310253741,109.30543557152164,145.1624493853793,19.481568670049057,15,0,0
beta,1.5,24,0.9999579377873581,47.19630300078893,133.85139950365217,18.81081134820684,25,0,0
beta,1.5,25,0.7981037319121512,31.409957696307025,130.83697294583462,19.69666904414447,20,0,0
beta,1.5,26,0.999999715617603,25.641325911864087,143.9014859360253,19.388119154647935,20,0,0
beta,1.5,27,0.9945471772362557,24.397422162257044,136.218297948573,19.49703584955672,12,0,0
beta,1.5,28,0.9889752242740069,17.80839585904211,132.2541634296626,19.974497076034538,15,0,0
beta,1.5,29,0.5487188472466342,46.64082570135635,135.75923515401408,19.157682661075984,15,0,0
beta,1.5,30,0.2440576841088764,8.039932996105636,140.698069755113,19.982582082991243,6,0,0
beta,1.5,31,0.7620991993303147,26.327112345081026,146.47672119095398,19.973416702772703,15,0,0
beta,1.5,32,0.119025555484498,6.324431280833363,130.66592652636578,18.982958189296358,6,0,0
beta,1.5,33,0.9589682512142825,15.029977120361687,128.7288696795893,19.62101727131979,11,0,0
beta,1.5,34,0.9884526092688365,26.858295200586575,134.95288003727163,18.080942822519603,16,0,0
beta,1.5,35,0.991032138601148,24.56976977909371,132.61838682472012,19.618157294189565,16,0,0
beta,1.5,36,0.9728595046159118,28.128165461252273,121.27966818568753,19.429667174933478,16,0,0
beta,1.5,37,0.20988810108289113,8.101965163527842,123.6419767639863,19.756133185168444,6,0,0
beta,1.5,38,0.9933582617265171,21.892111391241745,127.8802027881874,19.56807514229399,15,0,0
beta,1.5,39,0.09745249650071297,7.797956561785931,153.92832238341285,19.843434558807157,6,0,0
beta,2.0,0,0.9162736686176641,29.05124270955017,140.96002326833081,19.563538652760123,19,0,0
beta,2.0,1,0.9979509636303152,33.625681730637545,116.24220585927237,19.65513535541577,23,0,0
beta,2.0,2,0.2745807042244397,10.089621864903231,133.79948203551905,19.009858421172584,6,0,0
beta,2.0,3,0.984678113399611,27.40993976265349,126.80662725095844,19.978997025902952,16,0,0
beta,2.0,4,0.9998627788892784,45.487703762186705,117.83450719685052,19.657029669632532,24,0,0
beta,2.0,5,0.38355511361895234,8.53216824316314,136.83918044151267,19.025253305763982,6,0,0
beta,2.0,6,0.9953611951370782,25.09612673676951,157.90576634821556,19.89423447254675,14,0,0
beta,2.0,7,0.8787325155467367,24.954114931532942,143.51747950712374,19.385660629746397,16,0,0
beta,2.0,8,0.8660003662847426,37.476802309485024,140.7757554602376,19.965588733917503,23,0,0
beta,2.0,9,0.04140151127072367,8.451312095508515,140.88913051008697,19.979069018034362,6,0,0
beta,2.0,10,0.8254063323540488,49.06956306381261,133.91305969731494,19.974891852805087,21,0,0
beta,2.0,11,0.9991692242090112,40.27494398735429,130.6229520431912,19.351175074430262,18,0,0
beta,2.0,12,0.9835709501072091,17.54648733653438,141.52942872604476,19.7644839967477,12,0,0
beta,2.0,13,0.7921360840860157,29.23066652397574,132.78788877500324,19.464842349696546,16,0,0
beta,2.0,14,0.06941495379245066,7.326149027165696,144.49657037313392,19.989019822004295,6,0,0
beta,2.0,15,0.20949079699644746,5.824756607678651,133.10945263110744,19.44103493704648,6,0,0
beta,2.0,16,0.9998253578810388,27.458186133329335,130.45022489221844,19.985174098059623,20,0,0
beta,2.0,17,0.2902712906600198,8.810739574399701,132.3317783267376,19.941124897247317,6,0,0
beta,2.0,18,0.9982077830757343,16.83135895032925,140.00705638492724,19.655633461872174,14,0,0
beta,2.0,19,0.9301635614843933,47.208549109489674,146.65528725645376,19.820886661673676,26,0,0
beta,2.0,20,0.998590355188109,22.69116736865044,134.19835724885326,19.655398325190557,13,0,0
beta,2.0,21,0.02968833116890779,11.376057225096675,145.87178119368957,19.728324513128374,6,0,0
beta,2.0,22,0.8571184860672889,45.166860161523886,121.84545552140641,19.779763603226005,15,0,0
beta,2.0,23,0.7264296070924421,42.82058191953878,140.0573496450861,19.717686416320202,22,0,0
beta,2.0,24,0.06583991206728146,5.667936263994197,131.9265122063056,19.61952311899929,6,0,0
beta,2.0,25,0.9946876741272452,12.826919013695562,144.9073184775254,19.783916286773746,11,0,0
beta,2.0,26,0.937717269460497,20.552465406258232,136.2806532077001,19.976882345428958,17,0,0
beta,2.0,27,0.9471580358365563,26.746011856095265,153.30521559596724,19.89182365842003,12,0,0
beta,2.0,28,0.273735107164235,6.281742444337518,151.72554938154943,19.86696650660264,6,0,0
beta,2.0,29,0.9960092206462685,44.01714718632017,145.43727768947744,19.877787467612748,22,0,0
beta,2.0,30,0.029629575034982536,6.668319967215538,133.9936373225105,19.83890069675557,6,0,0
beta,2.0,31,0.7997060807864698,33.64061899433399,141.08993999317988,19.997911609937972,13,0,0
beta,2.0,32,0.8301964281487428,21.229419654291718,130.15247816544448,19.124371187462554,14,0,0
beta,2.0,33,0.9999997553475253,34.6512877567506,125.9895560833082,19.8923971548654,28,0,0
beta,2.0,34,0.23378515617330542,9.021328074109977,131.408431922188,19.139371531383212,6,0,0
beta,2.0,35,0.07673843671293257,6.401607065955369,142.98637477244003,19.963831317417547,6,0,0
beta,2.0,36,0.9943180477370654,15.686299416384934,145.42375325955112,19.338282825974208,12,0,0
beta,2.0,37,0.9952646024774777,15.205564305285417,150.93625894324327,19.636738526392687,14,0,0
beta,2.0,38,0.9999988825095851,38.645198116273086,154.10801666928282,19.3177374895443,25,0,0
beta,2.0,39,0.24591267120107063,10.848394564300351,122.10431993865514,19.92066416527205,6,0,0
beta,2.5,0,0.978828702742361,26.60531258485505,134.74731875637465,19.824136398738975,13,0,0
beta,2.5,1,0.8648444130240922,37.826608957193166,128.04859502057948,19.832528883617886,30,0,0
beta,2.5,2,0.21275915493995357,7.735970384720345,150.3923329925815,19.96862072691598,6,0,0
beta,2.5,3,0.9984401828801862,20.45814345959315,115.46815405607316,19.8717613532003,16,0,0
beta,2.5,4,0.31292605698974696,5.9890898581653245,130.03350931402704,19.861554899326904,6,0,0
beta,2.5,5,0.9993112251445248,25.25058454999677,128.1269171487047,19.543374938749803,20,0,0
beta,2.5,6,0.9995196043566391,28.92587979419328,134.73812410909895,19.817414636845992,19,0,0
beta,2.5,7,0.9999223428328945,10.740736430821096,144.51363812820466,19.090030968221786,12,0,0
beta,2.5,8,0.9999883939050628,49.32348552455353,128.840792972336,19.55831881297183,30,0,0
beta,2.5,9,0.09935390843880687,19.102714786560746,144.81178633609568,19.94400834702869,6,0,0
beta,2.5,10,0.9993163316925221,18.287579295010115,153.28316818828608,19.546809366403604,13,0,0
beta,2.5,11,0.997286550346547,13.042524690101887,145.24832607899745,19.747159753840926,12,0,0
beta,2.5,12,0.9902447732080918,17.996376259547304,147.96506260434066,19.931256691800904,14,0,0
beta,2.5,13,0.37848928970979046,5.85937604570346,137.56103622161004,19.27019242744238,6,0,0
beta,2.5,14,0.4156419356021611,5.142026657495245,144.16967718837188,19.847860410420928,6,0,0
beta,2.5,15,0.9931269775506683,15.589141929675026,130.41040174269557,19.814802171728626,12,0,0
beta,2.5,16,0.9838341375759745,17.91152005432214,139.01776010818284,19.826836502403694,14,0,0
beta,2.5,17,0.8582247125437454,21.33643285666733,137.44578232208713,19.893425022523544,16,0,0
beta,2.5,18,0.24932864334435023,5.437828976973427,145.71737756863246,19.84623843666065,6,0,0
beta,2.5,19,0.999545947571342,28.304301417024277,129.25807533892942,19.04229060193723,17,0,0
beta,2.5,20,0.8693516150281415,28.68205692295472,129.53879274148045,19.953337545359624,19,0,0
beta,2.5,21,0.9301725470111832,15.622912044833987,130.40946940227587,19.972399942070375,13,0,0
beta,2.5,22,0.954405049851899,23.78483387196396,139.64882513159156,19.483909933535795,15,0,0
beta,2.5,23,0.9977708843685699,23.618012035485904,141.93784281316275,19.754203126511797,15,0,0
beta,2.5,24,0.994803155041037,23.2421536905939,139.43637183270508,19.59231171802619,16,0,0
beta,2.5,25,0.8445109240432622,10.523132771562503,153.46547239162993,19.149520296377464,9,0,0
beta,2.5,26,0.9391327710421022,21.084480557917075,141.26510461827806,19.401866662448317,14,0,0
beta,2.5,27,0.9998087545662697,24.45650594298159,128.4532308487395,19.878161399517854,21,0,0
beta,2.5,28,0.9999998276708524,39.8511892469386,144.1103345698783,19.208549783736643,24,0,0
beta,2.5,29,0.9992580842914355,27.396359529316175,131.5633665856197,19.964229514337866,17,0,0
beta,2.5,30,0.836760029291317,15.642388412241703,149.14588165589754,19.890498577110122,11,0,0
beta,2.5,31,0.9576509217087847,26.835095497453523,139.21330716910413,19.740002746908832,19,0,0
beta,2.5,32,0.9999995422964537,50.63584058774529,146.68082598675036,19.60557948619016,28,0,0
beta,2.5,33,0.9824622732082685,23.719163978099488,132.3018836287351,19.668798751846243,17,0,0
beta,2.5,34,0.6799158873056943,21.583443401962914,140.9944980219446,19.023164128542895,13,0,0
beta,2.5,35,0.9172328129237537,34.6368920382917,134.22894398525426,19.90025930634827,21,0,0
beta,2.5,36,0.8529317220216155,24.38840409036807,144.63565618501104,19.642667323014695,13,0,0
beta,2.5,37,0.9998893969735262,48.169833242178235,140.2826740141263,19.024291319960955,30,0,0
beta,2.5,38,0.992411538775528,29.536744457018937,125.48743697517105,19.675766794301865,19,0,0
beta,2.5,39,0.9995243243620204,30.607362998194855,142.9230649383573,19.952503239111625,17,0,0
beta,3.0,0,0.9999999927757044,31.01093347585144,161.76598189552706,19.116059327621944,26,0,0
beta,3.0,1,0.999999965024747,69.71930136997405,131.53709957316516,19.97735977244509,31,0,0
beta,3.0,2,0.5434032812744627,38.26914774915192,142.28386165972003,19.998271623395873,17,0,0
beta,3.0,3,0.2755215096921929,10.66354460275063,138.43075870702506,19.74158111450854,6,0,0
beta,3.0,4,0.9968430044836011,17.332544204536994,123.85430073264637,18.509671810375565,17,0,0
beta,3.0,5,0.8757786677037878,28.95058152678775,120.33614152302394,19.745709812237386,18,0,0
beta,3.0,6,0.9982973748352952,23.443213969091868,133.43650904240477,19.981592037386676,13,0,0
beta,3.0,7,0.9843380748794327,29.726847957984813,137.4834688897952,19.996185933822943,16,0,0
beta,3.0,8,0.2399392806425138,5.166843369909384,124.12255982224515,19.37914603075154,6,0,0
beta,3.0,9,0.9949371250534204,14.942879958298345,137.92416868678885,19.962598050605454,13,0,0
beta,3.0,10,0.9965857548897308,24.352627800925756,135.38967720379517,19.507374887083287,13,0,0
beta,3.0,11,0.9979827004156062,14.204916282826007,121.53194721380338,19.52640908701718,13,0,0
beta,3.0,12,0.20066799215282372,8.855133042871227,143.45217856850562,19.579653135731665,6,0,0
beta,3.0,13,0.99843678191098,10.186398321587612,149.80882379340716,19.884385611490796,8,0,0
beta,3.0,14,0.9749519122936043,57.64529363099186,132.25786318145683,19.109082100774476,26,0,0
beta,3.0,15,0.9991444494910673,17.441750368101868,133.68095832987328,19.977561047299602,13,0,0
beta,3.0,16,0.22367075020725313,29.452216913790483,133.4711442861534,19.922185845128194,6,0,0
beta,3.0,17,0.9416444137413073,29.356030374849976,143.34556157840674,19.45427004504605,16,0,0
beta,3.0,18,0.9999580205371091,42.682282519205486,138.98850261589786,19.222444058500866,23,0,0
beta,3.0,19,0.9919602238309753,19.02165611147875,125.79845228438569,19.917401577534,14,0,0
beta,3.0,20,0.29813533737205467,8.091223853007078,148.99563925463596,19.74871241439413,6,0,0
beta,3.0,21,0.9974384594374821,19.475049528290345,131.93472208256986,19.90363224587738,13,0,0
beta,3.0,22,0.33736073790515086,12.345448751920266,151.80787665541814,19.817555143549917,6,0,0
beta,3.0,23,0.9977369393846823,33.20534331474194,143.31567299135753,19.71848461831688,20,0,0
beta,3.0,24,0.9310347582821715,40.33996666356214,145.69372800381558,19.76040911486356,19,0,0
beta,3.0,25,0.7666774115270044,20.467871280274352,127.41352018744556,18.632049781836518,15,0,0
beta,3.0,26,0.9999606159085989,21.93658422337791,140.35696733721815,19.540074292294022,17,0,0
beta,3.0,27,0.9898132521007309,32.27301652216905,116.82836233061423,19.63956505189037,20,0,0
beta,3.0,28,0.0587588965857333,5.234591404370918,143.96134860121884,18.4692531955663,6,0,0
beta,3.0,29,0.8997995844846296,28.539610824089646,148.88676070776236,19.89867822817224,22,0,0
beta,3.0,30,0.983980404423188,29.561724631639308,130.26572010023236,19.95574902937826,13,0,0
beta,3.0,31,0.9994431138658406,25.68857396455504,135.01162264929357,19.940840118104052,19,0,0
beta,3.0,32,0.8904486349476255,27.58618284469695,148.39111403080435,19.976646390223717,14,0,0
beta,3.0,33,0.9839132387197493,25.224772452905853,126.08901696327099,19.695086413026004,15,0,0
beta,3.0,34,0.9999820973814798,47.18020214052586,144.28878526588568,19.972364182030056,25,0,0
beta,3.0,35,0.7418207448581344,32.33592170570155,142.4251320082852,19.695092572792348,19,0,0
beta,3.0,36,0.9266328753369996,28.015532065119196,141.7297862340706,19.206728626806267,19,0,0
beta,3.0,37,0.8406967131554546,17.400855299998547,142.32517658378754,19.91294574703894,11,0,0
beta,3.0,38,0.9899230634203595,21.097046470523924,125.72610861601412,19.960673674456057,13,0,0
beta,3.0,39,0.18190330185174952,7.048483728194698,135.58236808798685,19.792884050948,6,0,0
gamma,0.5,0,0.2976422487201127,4.516646195653153,145.5597259463679,18.41080104564038,6,0,0
gamma,0.5,1,0.3400451351592573,5.438905307726173,141.52543949888965,19.66355972460061,6,0,0
gamma,0.5,2,0.32050425911643776,9.122890580595147,136.46796816313633,19.54788183863385,6,0,0
gamma,0.5,3,0.38073549525798245,8.648200681628825,150.94490664701155,19.765653253526587,8,0,0
gamma,0.5,4,0.2752610426075691,7.890721589175124,146.44893555195304,19.845927759942118,6,0,0
gamma,0.5,5,0.9995937533546421,19.635630947316805,125.95466476984357,19.588487142467866,18,0,0
gamma,0.5,6,0.9308295257001195,33.85610076008013,125.93144291279674,19.859376841643336,20,0,0
gamma,0.5,7,0.18657475400012524,8.548624894964364,121.39491632556718,19.828079106661544,6,0,0
gamma,0.5,8,0.1400230336649948,7.499697077248835,148.22510578119358,19.11195741340403,6,0,0
gamma,0.5,9,0.6665955340251837,38.8377975990506,145.76112040595962,19.073292705693753,29,0,0
gamma,0.5,10,0.19741032112241852,7.422006572627057,135.27670316027994,19.888151496962937,9,0,0
gamma,0.5,11,0.9984978634716163,13.377736251785821,132.17507029710117,18.96154632203503,12,0,0
gamma,0.5,12,0.061153858977559095,7.404280288738841,137.13339081811543,19.186984474585778,6,0,0
gamma,0.5,13,0.16751408111934762,24.341525506358053,149.53423873609538,19.953497051916123,6,0,0
gamma,0.5,14,0.3332825716077592,9.180879584229853,134.42870847573403,19.828207220461984,7,0,0
gamma,0.5,15,0.12667907477318796,7.19610114371366,148.67118613638826,19.942092949595143,6,0,0
gamma,0.5,16,0.12966209838563125,6.917562347196574,128.7338030197775,19.841308336408183,6,0,0
gamma,0.5,17,0.13230625911066318,7.366547741015976,122.798323483499,19.889017549631454,6,0,0
gamma,0.5,18,0.9995608760929425,20.55578756568272,126.45929737802064,19.632932149935883,14,0,0
gamma,0.5,19,0.35996383145073685,4.550941971054961,142.6237697227198,19.869837890694807,6,0,0
gamma,0.5,20,0.9549533657835296,18.031265980858695,132.60601856846097,19.612075076448715,15,0,0
gamma,0.5,21,0.979374418935712,19.099844112423938,131.43209250403993,19.590478457361897,14,0,0
gamma,0.5,22,0.25805037907255113,4.289290246570324,132.94055691234078,19.965292482547266,6,0,0
gamma,0.5,23,0.9049855505159998,23.15290334352298,125.80038043517143,19.720845430337725,18,0,0
gamma,0.5,24,0.25685848249907195,7.059762124473584,141.54196723875708,19.281786360533182,6,0,0
gamma,0.5,25,0.22978055802490738,7.686363054086451,137.59737202050388,19.17110131986113,6,0,0
gamma,0.5,26,0.9996742395502747,28.408143323661818,130.74941681957233,19.828711542727284,27,0,0
gamma,0.5,27,0.1461855373975598,4.31527391274051,155.4090499138463,19.623306056710078,6,0,0
gamma,0.5,28,0.9997186455532953,29.102810516450944,153.6194707214797,19.58254307236156,21,0,0
gamma,0.5,29,0.9993900989023542,40.679270179166785,133.4901101248065,19.820700347479068,23,0,0
gamma,0.5,30,0.19421656512455077,4.8109776586412725,134.6596424169109,19.23551827028343,6,0,0
gamma,0.5,31,0.9923040524938501,27.383543751307275,143.6210761692511,19.956972670116762,21,0,0
gamma,0.5,32,0.2108865575195077,11.91686754876354,130.6474532696295,19.968132925852366,6,0,0
gamma,0.5,33,0.29757789864204176,6.200520093361852,152.01973597015285,19.940739245890107,6,0,0
gamma,0.5,34,0.2569594840130197,4.58156160685506,118.83582291992067,19.70371425091354,6,0,0
gamma,0.5,35,0.8725248788154992,27.698684556077087,138.07666737367234,19.734765893695673,22,0,0
gamma,0.5,36,0.9986235709703888,19.442919719110535,136.3197468592346,19.582297358871685,21,0,0
gamma,0.5,37,0.8582134786634634,22.99481614242271,130.8547603128227,19.70893123136887,22,0,0
gamma,0.5,38,0.9999798399233044,10.532175388728517,152.39314777966277,19.978320814181487,13,0,0
gamma,0.5,39,0.30014352150965473,5.855231978062883,127.95472381497645,19.868713032265422,6,0,0
gamma,1.0,0,0.9304814105857176,17.998845098185885,142.6229634317749,19.882175711517544,16,0,0
gamma,1.0,1,0.16735427927958102,8.545927047172242,149.1075478859407,19.3217924656609,6,0,0
gamma,1.0,2,0.996580778304727,24.37736831818432,143.73816803133943,19.690705500150514,21,0,0
gamma,1.0,3,0.06720823973881185,6.8742124150350525,137.98816947869437,19.94903414337866,6,0,0
gamma,1.0,4,0.99988097693946,15.217888611090768,147.33703870835436,19.790687865066893,14,0,0
gamma,1.0,5,0.9999999995613106,64.55110416508582,150.76532045887492,19.6920956559944,38,0,0
gamma,1.0,6,0.9989265685667039,18.577807609096343,132.17990365958346,19.711624066199803,16,0,0
gamma,1.0,7,0.42534833598866106,13.243425623022855,138.7106086397592,19.177300726366052,11,0,0
gamma,1.0,8,0.9423654872457061,31.97410758666626,120.04234267275865,19.50973182703694,14,0,0
gamma,1.0,9,0.4839909355254194,11.998611280802141,134.14506017170163,19.126479996401223,10,0,0
gamma,1.0,10,0.07442694693887264,5.8896178954015,132.0256478460982,19.874712022624458,6,0,0
gamma,1.0,11,0.09209967036656164,7.313578557113853,144.4587867776683,19.330031886855917,6,0,0
gamma,1.0,12,0.9966439218651946,29.223682746970812,141.55548691856083,19.405456535681875,23,0,0
gamma,1.0,13,0.9994758650898486,18.577723652729166,127.6361290827845,19.651034094461505,16,0,0
gamma,1.0,14,0.2800436218379707,13.92419407556572,128.13870536274604,19.95483332611454,6,0,0
gamma,1.0,15,0.20691458943202212,12.004055579180546,120.17093341617154,19.38006206042256,6,0,0
gamma,1.0,16,0.268305557949297,7.307105211419936,135.15815575592038,19.95688461307902,6,0,0
gamma,1.0,17,0.9980618225689244,13.793649135569993,109.69013425831089,18.538352031327847,13,0,0
gamma,1.0,18,0.05463104049528822,7.878623412491821,146.3158855274538,18.819359821335645,6,0,0
gamma,1.0,19,0.8613798357719982,13.844112187477743,132.52125727015698,19.9418505479695,13,0,0
gamma,1.0,20,0.9898219005250294,17.50323971786036,159.79942639508755,19.928811833418322,11,0,0
gamma,1.0,21,0.24211627333917374,16.523994071998,149.1071673744191,19.900517731700038,6,0,0
gamma,1.0,22,0.7297057421839204,25.270917581690085,137.51925791866057,19.98765805149266,15,0,0
gamma,1.0,23,0.12856108850816206,5.670381981106176,138.9321155384431,19.5400000893061,6,0,0
gamma,1.0,24,0.8414072342233668,12.0340431205291,138.6649774837612,19.323797709526687,12,0,0
gamma,1.0,25,0.8320389483263807,23.608911298069447,130.98149451872487,19.668192883570327,17,0,0
gamma,1.0,26,0.9741305437000257,19.474345969766684,134.86004012685393,19.814597079071007,11,0,0
gamma,1.0,27,0.14564284909142322,26.217849977857753,153.36095681523847,19.949111745160874,6,0,0
gamma,1.0,28,0.7385709361688024,41.93193474259908,137.61139540634306,19.978814461516233,24,0,0
gamma,1.0,29,0.9735029410943465,74.2298193234404,138.59584447618673,19.735477157962485,21,0,0
gamma,1.0,30,0.2138353177836788,4.991302646036341,151.33372789551854,19.53714251394562,6,0,0
gamma,1.0,31,0.9629863346499102,16.868937414203664,140.08946911490196,19.877218260681182,14,0,0
gamma,1.0,32,0.2387061653993271,7.299162381405514,131.786666804397,19.893216209247264,6,0,0
gamma,1.0,33,0.19237001183807756,5.318149018987904,132.84978642051644,19.943633104213337,6,0,0
gamma,1.0,34,0.9872076263655831,18.05264684181365,127.58881712306136,19.934895690529466,14,0,0
gamma,1.0,35,0.38590519818631586,11.316989357611074,155.23436592396152,19.49778870723953,6,0,0
gamma,1.0,36,0.10777903425375956,6.884130475737081,146.87616991940297,19.719548832123316,6,0,0
gamma,1.0,37,0.999560400859836,12.933416464071257,131.91705487125716,19.57744530321501,13,0,0
gamma,1.0,38,0.19858631191878062,5.533684759270633,126.81609601212516,19.96631573805443,6,0,0
gamma,1.0,39,0.9642076453277961,66.63008158449166,137.79527863538206,19.810885405074906,18,0,0
gamma,1.5,0,0.259044456908073,8.09110850438826,135.67661803982116,18.725558526370413,6,0,0
gamma,1.5,1,0.9467734601871258,24.106004679917813,131.7374121896599,19.510488058081116,14,0,0
gamma,1.5,2,0.33610155993322943,8.029394160946799,156.58615518494946,19.97548517517516,6,0,0
gamma,1.5,3,0.10209414640196823,7.323657781711118,136.2309745196734,19.650628778317614,6,0,0
gamma,1.5,4,0.3590234530178037,8.329641002348604,132.31272111400077,19.79342774223062,6,0,0
gamma,1.5,5,0.09805393766406834,11.506409213418214,147.05972591293465,19.14336782762508,6,0,0
gamma,1.5,6,0.8783451614443851,26.68682605366053,139.69312320608722,19.612370966370783,20,0,0
gamma,1.5,7,0.6980531441175645,26.71451744221565,147.44796454127436,18.672723574132576,19,0,0
gamma,1.5,8,0.20143298023395784,7.266461384995501,138.58735122261368,19.137566652168804,6,0,0
gamma,1.5,9,0.9999818422319509,22.700636541945933,133.38398595011432,19.821031113287482,19,0,0
gamma,1.5,10,0.9695703721631783,39.4979217648629,143.11958792128553,19.65279487127347,21,0,0
gamma,1.5,11,0.9757324543860225,36.141782336071145,134.78595885866568,19.70399849691814,20,0,0
gamma,1.5,12,0.8350498564034239,39.69831983027235,144.08241060501874,19.983998108037294,18,0,0
gamma,1.5,13,0.19567011587922267,24.9483300623831,141.25238060669733,18.564417772256576,6,0,0
gamma,1.5,14,0.9957728471948538,93.10181392132219,119.14799029758734,19.901151569266123,16,0,0
gamma,1.5,15,0.42806787207481345,15.89432483828838,136.8001088136656,19.723367841027954,12,0,0
gamma,1.5,16,0.9999929062464954,31.067048861978524,146.00741051853828,19.576310865175152,22,0,0
gamma,1.5,17,0.23096139104016244,8.106524656465972,154.87063824248295,19.74497766324033,6,0,0
gamma,1.5,18,0.33377503759428173,11.979384717869296,130.699928777756,19.827031385487675,6,0,0
gamma,1.5,19,0.9961854471981725,34.50906685761461,121.22410335947598,19.88745378258813,19,0,0
gamma,1.5,20,0.9977724140088611,31.81333014073143,124.77894967343998,19.65910885576367,13,0,0
gamma,1.5,21,0.9941209710272355,34.26654560503239,128.25521086458352,19.247260488731335,21,0,0
gamma,1.5,22,0.8819700590285804,22.502969918236023,134.54039891743395,19.832149970772864,20,0,0
gamma,1.5,23,0.9999920363799647,77.7962990434126,135.3947677252724,19.69535053092027,22,0,0
gamma,1.5,24,0.3047661831475291,8.383475075285457,135.00427745129699,19.614722717080074,6,0,0
gamma,1.5,25,0.9629960018218365,19.746391940052277,143.66966135725963,19.39702754036899,17,0,0
gamma,1.5,26,0.9771263049186657,21.028088709281658,136.5704791306757,19.579568731008866,15,0,0
gamma,1.5,27,0.9654547076606098,11.072486780466411,134.95032368918623,19.84348215471821,12,0,0
gamma,1.5,28,0.808423289132919,33.17851692379323,138.252623303299,19.562090042823705,15,0,0
gamma,1.5,29,0.09939367804948995,7.933711043602612,152.93448914450616,19.683913472146173,6,0,0
gamma,1.5,30,0.14129583664209522,5.675493634838613,156.45021199538476,18.678450596442378,6,0,0
gamma,1.5,31,0.951996763642769,46.690383266727345,135.475040301348,19.847527790543516,17,0,0
gamma,1.5,32,0.9786054444409349,23.893987370288187,135.73936233844623,19.573265581309528,15,0,0
gamma,1.5,33,0.9702670989932278,21.440464088753725,134.94901233414305,19.71557517119659,17,0,0
gamma,1.5,34,0.9510712495760347,39.422579322086094,142.0806468786862,19.045231524710577,24,0,0
gamma,1.5,35,0.9997269808793319,29.906123843610185,135.17460888897185,19.635156879604985,19,0,0
gamma,1.5,36,0.5984193651568206,20.864696848906053,144.38604791302865,19.490082491656388,13,0,0
gamma,1.5,37,0.1694780062068636,8.488246211818339,144.4964148602826,19.051000376845586,6,0,0
gamma,1.5,38,0.9145042039070677,33.276360797520574,145.25734797091178,19.478176144837914,19,0,0
gamma,1.5,39,0.8605643910830579,16.245669976655,146.50731406166713,19.92606151861738,10,0,0
gamma,2.0,0,0.4779931489357886,44.039173724809935,146.7015465184269,19.43881071514074,18,0,0
gamma,2.0,1,0.9827017154474448,49.97023114670394,155.26605390517375,19.95860223325014,20,0,0
gamma,2.0,2,0.14141755685913893,9.011569660705842,139.3053129421512,19.961476339723152,6,0,0
gamma,2.0,3,0.9948856800215877,37.41564709676826,146.80800010327164,19.694949187236617,24,0,0
gamma,2.0,4,0.9996463359969562,40.55398359361932,155.35214233391727,19.861254926140532,14,0,0
gamma,2.0,5,0.912278027097195,85.06592590873875,157.72414658684337,18.875183969511813,34,0,0
gamma,2.0,6,0.664114520897819,30.756090880631486,134.60169059456075,19.929287199529252,19,0,0
gamma,2.0,7,0.28030014419376725,9.452338783039842,142.13062395697494,19.562287145190492,6,0,0
gamma,2.0,8,0.9999497442378006,38.13160955137437,150.62498996553043,19.692202506527146,20,0,0
gamma,2.0,9,0.9874128053222176,34.11268794188148,114.8383757186248,18.922209427143045,15,0,0
gamma,2.0,10,0.09634678827985044,7.154094401952301,153.35299153967787,19.698546672940928,6,0,0
gamma,2.0,11,0.09141876841158969,7.89703975347689,144.55762379306444,19.973725562010326,6,0,0
gamma,2.0,12,0.9754532361401936,22.942072683007034,138.8671852552159,19.656389718435157,16,0,0
gamma,2.0,13,0.983754874147529,40.36488900260399,160.52541401119177,19.284379765289504,15,0,0
gamma,2.0,14,0.28389702710330444,9.883055972925138,133.40489497426537,19.467484444822535,6,0,0
gamma,2.0,15,0.976454336561891,14.345841105996929,133.50154748126366,19.75233864371059,10,0,0
gamma,2.0,16,0.9697705251546961,45.6262011846412,135.83090143305026,19.931685221879164,19,0,0
gamma,2.0,17,0.9989752825066655,29.861835534042434,141.32989298307575,19.320835812732923,18,0,0
gamma,2.0,18,0.9998429882056431,31.493292937679794,154.13547937643358,19.937629189506097,20,0,0
gamma,2.0,19,0.20976979092904835,12.926758445619027,140.6509682507665,19.44360247398343,6,0,0
gamma,2.0,20,0.10386604923455212,7.291344622610389,133.4663012970662,19.532634913514524,6,0,0
gamma,2.0,21,0.9971071109571672,39.94603159332109,141.45350485919863,19.85394962208569,17,0,0
gamma,2.0,22,0.9993467366051962,33.65996798095486,130.4526582617734,19.9397127047428,18,0,0
gamma,2.0,23,0.301152833017044,15.591827628392416,149.84393310418403,19.857321280974595,6,0,0
gamma,2.0,24,0.7512963903601044,69.38882379311585,125.59573336853276,19.577368349247198,14,0,0
gamma,2.0,25,0.987319520744931,29.540701659174527,137.2268430002052,19.856942486151592,15,0,0
gamma,2.0,26,0.25428991031053993,15.913910273380646,138.58740973656714,18.650251090774837,6,0,0
gamma,2.0,27,0.39445784309610943,9.10883052677674,134.41145424804955,19.8605795160436,6,0,0
gamma,2.0,28,0.991733674052714,54.40925120482048,145.74816603029063,19.387182260075264,24,0,0
gamma,2.0,29,0.9802131138889592,28.51065860024999,138.4796394457612,19.49911958603361,15,0,0
gamma,2.0,30,0.9926951394454537,35.98793902068822,151.42914165155005,19.843173261084143,18,0,0
gamma,2.0,31,0.9995171490473241,64.27356363169649,130.68269576355854,19.934893349354684,27,0,0
gamma,2.0,32,0.9972161737161209,28.36270618066838,131.2309113317103,19.734308714774894,19,0,0
gamma,2.0,33,0.9325148484893165,41.32161051567813,128.54276008803407,19.954202813803327,19,0,0
gamma,2.0,34,0.9999034770524383,45.98426121186101,150.2155310072712,19.674756210900647,25,0,0
gamma,2.0,35,0.99913745440978,47.10488536748218,138.97917682332923,19.02263448232335,19,0,0
gamma,2.0,36,0.1944849470606934,9.356345736917152,150.50895288892846,19.607537483387052,6,0,0
gamma,2.0,37,0.08158647529203633,7.183286747289764,137.7534153442736,19.116984756681028,6,0,0
gamma,2.0,38,0.9502876891531368,44.25924933633157,152.93721895734353,19.986004182776284,19,0,0
gamma,2.0,39,0.9149643761523063,36.320271727124144,137.47865682120587,18.583656380747,19,0,0
gamma,2.5,0,0.9444254689589363,19.16974668378106,140.11441922717404,18.63073562936799,12,0,0
gamma,2.5,1,0.8418347160237566,69.80093085597728,127.65885354979507,19.914815710892732,21,0,0
gamma,2.5,2,0.9731840539400838,44.4146795227507,144.5284072090668,19.468289985977368,20,0,0
gamma,2.5,3,0.18240028149359122,8.895543463901571,152.58786822966394,19.98889374840304,6,0,0
gamma,2.5,4,0.8658340641706779,45.0589050958441,121.07619923029543,19.9048808793039,20,0,0
gamma,2.5,5,0.7263946861284889,26.916885375441026,127.47174772860491,19.870734992984897,14,0,0
gamma,2.5,6,0.9999782049339568,52.92791049627694,155.87472697341,19.940880398916335,18,0,0
gamma,2.5,7,0.3278453103709349,11.125774623893124,143.77496919501667,19.52150223376275,6,0,0
gamma,2.5,8,0.000578299116984593,11.575831405315354,147.98459136674236,19.535118505701668,6,0,0
gamma,2.5,9,0.29718749242162434,10.039189572687508,135.85423551853344,19.95861554464913,6,0,0
gamma,2.5,10,0.27515219214712094,11.12848052952904,134.79591154316677,19.63588646518128,6,0,0
gamma,2.5,11,0.9997394299858656,45.71927771261213,143.9244483239114,19.616898481089066,25,0,0
gamma,2.5,12,0.9522292434560378,45.32049943190702,143.37233127864565,19.97148329946187,17,0,0
gamma,2.5,13,0.8539831814917341,46.53876716516612,131.9452669569805,18.902027861344656,14,0,0
gamma,2.5,14,0.04063990572738907,9.91650760847152,143.64642550386256,19.981846987563667,6,0,0
gamma,2.5,15,0.9972234021850227,50.397982203835646,145.47842121852327,19.725874483189905,24,0,0
gamma,2.5,16,0.9985517611658632,42.62288786593032,133.26299080557806,19.748629920480397,21,0,0
gamma,2.5,17,0.9997458693289549,28.807011156814937,142.17266507316222,19.980344988372764,15,0,0
gamma,2.5,18,0.9999628106031557,60.734620962774244,111.71944547582414,19.496024059994856,22,0,0
gamma,2.5,19,0.18468406116915337,20.26485201533333,141.45104181020218,19.67697326947862,6,0,0
gamma,2.5,20,0.9997687110682872,46.98791268969357,128.16147249691298,19.183380007047962,21,0,0
gamma,2.5,21,0.2927764007640812,10.359514052341963,132.96524149560378,19.793625343587706,6,0,0
gamma,2.5,22,0.8359186931661398,42.48484740655516,131.97445644799302,19.732081562399127,20,0,0
gamma,2.5,23,0.9999995449816184,76.35941037300852,144.16220544917385,19.800616638489668,30,0,0
gamma,2.5,24,0.9751240706801934,21.91565176713191,153.49117942861247,19.557572683952355,11,0,0
gamma,2.5,25,0.17727709805361735,6.285883706975722,134.68262763026902,19.95820506790716,6,0,0
gamma,2.5,26,0.05808718792061063,14.109358321381926,137.9473822082208,19.852195879139295,6,0,0
gamma,2.5,27,0.8547844114939467,40.880676673751246,130.46349941323277,19.813943760154554,19,0,0
gamma,2.5,28,0.3257750796874346,14.29725245246801,143.69691285496998,19.946125060289653,6,0,0
gamma,2.5,29,0.9986170406198643,24.532784110688162,140.98590741824768,18.05403276555166,15,0,0
gamma,2.5,30,0.1492694466241925,10.565073379649258,156.83039497475983,19.876773507431047,6,0,0
gamma,2.5,31,0.9999724793904681,62.95387888801017,131.08797906652208,19.85650181049986,26,0,0
gamma,2.5,32,0.21928334909737235,17.723864038958908,140.29865513800553,19.758500501401947,6,0,0
gamma,2.5,33,0.9986349191545165,25.30895447549478,130.41736949998668,17.083767105019458,15,0,0
gamma,2.5,34,0.8894264035921904,32.21188443293937,135.8306904113138,19.683761852646487,16,0,0
gamma,2.5,35,0.8932922572763401,46.40206761958232,124.80720663323878,19.601747058842378,24,0,0
gamma,2.5,36,0.20543854634853576,9.891739952809772,149.62391394243386,19.93284213123858,6,0,0
gamma,2.5,37,0.9805711560895878,44.02307947387947,140.96595160249407,19.93538614913553,22,0,0
gamma,2.5,38,0.9423012873457994,39.91549576458634,151.6162026949238,19.135178242640116,18,0,0
gamma,2.5,39,0.9896138491027843,38.70514067815365,134.40364467879638,19.664715045529928,10,0,0
gamma,3.0,0,0.1349085940518825,9.534382347423216,144.78163028922475,19.52187226650996,6,0,0
gamma,3.0,1,0.6834560488571374,52.590560454260554,124.56164350793134,19.826310671703176,22,0,0
gamma,3.0,2,0.9999612102087064,64.92604265144786,141.99800631223673,19.472992321766338,25,0,0
gamma,3.0,3,0.9999744825953617,65.27655427843007,127.5968320183438,19.90273227433346,22,0,0
gamma,3.0,4,0.35108471197957025,9.07456332307431,137.46144361731348,19.941877114189573,6,0,0
gamma,3.0,5,0.995934506600173,73.29662725210278,137.30041933567335,19.864759890094,27,0,0
gamma,3.0,6,0.4287202313240671,36.75756739052738,136.51125914233958,19.993158510085767,12,0,0
gamma,3.0,7,0.9995382405481081,63.23050221932507,144.65370870421881,19.427809300349203,25,0,0
gamma,3.0,8,0.9920297422614633,43.444872757623386,123.31594585492432,19.887287692200424,19,0,0
gamma,3.0,9,0.9997840029731846,33.161692388768046,150.19072667675397,18.265840899862578,16,0,0
gamma,3.0,10,0.9999999966403297,89.29133322064922,135.45074737103806,18.539479514760423,38,0,0
gamma,3.0,11,0.9994420367747043,124.87440111736419,140.41420692551338,19.53057744034077,23,0,0
gamma,3.0,12,0.22086883543812486,14.072153360505247,128.07996810158622,19.75953749245949,6,0,0
gamma,3.0,13,0.9999313494348088,61.259166387093124,143.79159411889643,19.929298902987227,18,0,0
gamma,3.0,14,0.9774619156271896,52.29817364747184,151.31505075520636,19.69232741105234,22,0,0
gamma,3.0,15,0.10210830984005081,11.166085737083218,138.7820766309309,19.96850260462047,6,0,0
gamma,3.0,16,0.8995441422828429,56.07448689367293,117.99709377611805,19.81860040093275,22,0,0
gamma,3.0,17,0.3189440891787867,9.182826911984513,134.47683647941227,19.898489051964848,6,0,0
gamma,3.0,18,0.974099756870985,44.4838063266506,139.64030362665414,19.818086934369806,15,0,0
gamma,3.0,19,0.23449238927530858,12.652707031165082,152.8146990420525,18.96681131462224,6,0,0
gamma,3.0,20,0.9987289268417542,44.96922964533725,138.1453775618204,19.64366982900565,18,0,0
gamma,3.0,21,0.9991147150484888,47.76512698453848,126.24479958557481,19.025090208263823,17,0,0
gamma,3.0,22,0.9898613908638554,62.58526164915993,149.06899520512312,19.548334801463188,23,0,0
gamma,3.0,23,0.9998339362332408,36.793701716876484,157.57992701895517,19.284356443410303,18,0,0
gamma,3.0,24,0.8873070274420759,46.67935141544026,128.74649773057203,19.79736754674264,19,0,0
gamma,3.0,25,0.9999862425127127,43.73239952313549,129.56410424967277,19.283247753802453,18,0,0
gamma,3.0,26,0.7311653449520663,44.315185600474614,155.28613908573138,19.692751990770596,18,0,0
gamma,3.0,27,0.9168424375973057,44.904848185213766,121.80697829622036,19.30177383293081,18,0,0
gamma,3.0,28,0.9804560977622939,83.23667736918337,135.14565190668745,19.13638894991052,24,0,0
gamma,3.0,29,0.25934320046955284,11.620736782756332,126.24488873350379,19.270430718421384,6,0,0
gamma,3.0,30,0.9925937905103155,136.6669516221375,138.6064192379572,19.468420427905528,8,0,0
gamma,3.0,31,0.7020645810720223,28.108928500805515,146.3126654686386,19.890058662767387,15,0,0
gamma,3.0,32,0.07493442051118626,11.71101395071448,138.61071719522403,19.634650526835685,6,0,0
gamma,3.0,33,0.8762405079270398,55.56822516569488,130.61594772521238,19.52748012951474,22,0,0
gamma,3.0,34,0.8533432898750998,50.6824195785039,145.38761564574204,19.50605042561608,16,0,0
gamma,3.0,35,0.7126623031074425,44.44980699059848,122.2834856327839,18.75881588596007,19,0,0
gamma,3.0,36,0.28564588496865395,13.07590453056775,130.89834794692936,19.836400500464837,6,0,0
gamma,3.0,37,0.9893192471024257,30.596278822602326,142.4977013369503,19.749254739787048,15,0,0
gamma,3.0,38,0.9286393656279044,17.14742457494038,141.92791523659432,19.997846395147764,12,0,0
gamma,3.0,39,0.9995144016853603,48.795460161126414,130.36227366177894,19.725680455529655,25,0,0
