profile,K,seed,policy,utility,cost,budget,n_calls,budget_violated,deadline_violated,oracle_utility,regret
toolbench_subset,100,0,react_capped,0.6752118641851053,84.85220667844371,80.12796290288524,17,1,0,0.9704346285704011,0.2952227643852958
toolbench_subset,100,0,bwk_vanilla,0.9159267288894296,79.86265616832401,80.12796290288524,21,0,0,0.9704346285704011,0.05450789968097147
toolbench_subset,100,0,cbuc,0.6228152088182861,26.9423330219403,80.12796290288524,22,0,0,0.9704346285704011,0.34761941975211497
toolbench_subset,100,0,cbuc_aggr,0.06514502166584502,6.180861850993605,80.12796290288524,6,0,0,0.9704346285704011,0.9052896069045561
toolbench_subset,100,1,react_capped,0.49597205562618674,83.7727902425172,81.52401510726949,20,1,0,0.9879906855377731,0.4920186299115864
toolbench_subset,100,1,bwk_vanilla,0.8308636238151188,77.8863445121463,81.52401510726949,22,0,1,0.9879906855377731,0.15712706172265434
toolbench_subset,100,1,cbuc,0.8735598368219623,36.98144214468924,81.52401510726949,24,0,0,0.9879906855377731,0.11443084871581088
toolbench_subset,100,1,cbuc_aggr,0.9891364103625654,24.987571212351362,81.52401510726949,19,0,0,0.9879906855377731,-0.0011457248247922491
toolbench_subset,100,2,react_capped,0.867338359856378,85.33200381974419,84.381112523691,18,1,0,0.9945690074713867,0.12723064761500869
toolbench_subset,100,2,bwk_vanilla,0.35352905639088117,83.65761368324748,84.381112523691,18,0,0,0.9945690074713867,0.6410399510805055
toolbench_subset,100,2,cbuc,0.1553996031949837,6.61654934727509,84.381112523691,6,0,0,0.9945690074713867,0.839169404276403
toolbench_subset,100,2,cbuc_aggr,0.18408760133467317,5.207104700120349,84.381112523691,6,0,0,0.9945690074713867,0.8104814061367135
toolbench_subset,100,3,react_capped,0.6516375825915748,83.34230781696054,88.47599964945363,17,0,1,0.945432268871051,0.29379468627947625
toolbench_subset,100,3,bwk_vanilla,0.5145128649509909,85.56376314498695,88.47599964945363,24,0,1,0.945432268871051,0.4309194039200601
toolbench_subset,100,3,cbuc,0.16090194605006125,6.067486060848053,88.47599964945363,6,0,0,0.945432268871051,0.7845303228209898
toolbench_subset,100,3,cbuc_aggr,0.621530749867222,33.102907020376335,88.47599964945363,20,0,0,0.945432268871051,0.323901519003829
toolbench_subset,100,4,react_capped,0.21346814617648524,85.98719129519557,85.0319099806752,6,1,0,0.9327222053803235,0.7192540592038382
toolbench_subset,100,4,bwk_vanilla,0.7100932084996243,90.46693881690943,85.0319099806752,18,1,0,0.9327222053803235,0.22262899688069915
toolbench_subset,100,4,cbuc,0.23703724130888681,9.784842699537776,85.0319099806752,6,0,0,0.9327222053803235,0.6956849640714367
toolbench_subset,100,4,cbuc_aggr,0.26842219749452956,9.931401680806086,85.0319099806752,6,0,0,0.9327222053803235,0.6643000078857939
toolbench_subset,100,5,react_capped,0.7355964849358885,88.00284587792973,83.33756324626827,21,1,1,0.9682635289556215,0.23266704401973304
toolbench_subset,100,5,bwk_vanilla,0.7376479227441834,85.90205703511978,83.33756324626827,19,1,0,0.9682635289556215,0.23061560621143806
toolbench_subset,100,5,cbuc,0.473015645446323,26.95734947579482,83.33756324626827,18,0,0,0.9682635289556215,0.4952478835092985
toolbench_subset,100,5,cbuc_aggr,0.3132205834047327,7.913904869886705,83.33756324626827,6,0,0,0.9682635289556215,0.6550429455508888
toolbench_subset,100,6,react_capped,0.19397255583719408,77.27273133627284,75.77677917008072,16,1,0,0.9614857139813304,0.7675131581441363
toolbench_subset,100,6,bwk_vanilla,0.824480194594827,80.17728553473367,75.77677917008072,16,1,0,0.9614857139813304,0.1370055193865034
toolbench_subset,100,6,cbuc,0.33628405405795225,13.280241975625929,75.77677917008072,6,0,0,0.9614857139813304,0.6252016599233782
toolbench_subset,100,6,cbuc_aggr,0.32955514045808854,8.672471161416304,75.77677917008072,6,0,0,0.9614857139813304,0.6319305735232419
toolbench_subset,100,7,react_capped,0.7554638032688532,93.28798945570793,84.47017775989374,15,1,0,0.9671178703708607,0.21165406710200751
toolbench_subset,100,7,bwk_vanilla,0.8615988085686265,83.56677090622756,84.47017775989374,22,0,1,0.9671178703708607,0.10551906180223425
toolbench_subset,100,7,cbuc,0.14461807211728028,5.826209191111001,84.47017775989374,6,0,0,0.9671178703708607,0.8224997982535804
toolbench_subset,100,7,cbuc_aggr,0.30983670635713545,7.288323275706294,84.47017775989374,6,0,0,0.9671178703708607,0.6572811640137253
toolbench_subset,100,8,react_capped,0.5723963951305013,91.37896541938107,82.32069827367528,21,1,0,0.9880856607244668,0.41568926559396546
toolbench_subset,100,8,bwk_vanilla,0.6267063181568577,82.19805722611508,82.32069827367528,17,0,0,0.9880856607244668,0.36137934256760906
toolbench_subset,100,8,cbuc,0.9998880407036902,25.318928624649534,82.32069827367528,21,0,0,0.9880856607244668,-0.011802379979223399
toolbench_subset,100,8,cbuc_aggr,0.99999634488021,42.01177390440217,82.32069827367528,27,0,0,0.9880856607244668,-0.011910684155743256
toolbench_subset,100,9,react_capped,0.5788021448363905,87.78075344472973,86.82883521609689,19,1,0,0.9732587814113278,0.39445663657493735
toolbench_subset,100,9,bwk_vanilla,0.6771967041351981,85.09343597782583,86.82883521609689,21,0,0,0.9732587814113278,0.29606207727612976
toolbench_subset,100,9,cbuc,0.9390995693679395,29.502785314445994,86.82883521609689,17,0,0,0.9732587814113278,0.03415921204338834
toolbench_subset,100,9,cbuc_aggr,0.7242562360305401,67.83159799715037,86.82883521609689,20,0,0,0.9732587814113278,0.2490025453807877
toolbench_subset,100,10,react_capped,0.7807295800692042,66.09446792421065,84.27446539640884,18,0,1,0.9751935244151752,0.19446394434597092
toolbench_subset,100,10,bwk_vanilla,0.8389583604045353,84.18286447461028,84.27446539640884,21,0,1,0.9751935244151752,0.13623516401063984
toolbench_subset,100,10,cbuc,0.9977606389353416,18.530214596656087,84.27446539640884,15,0,0,0.9751935244151752,-0.022567114520166465
toolbench_subset,100,10,cbuc_aggr,0.19628051067852526,13.84174968684247,84.27446539640884,6,0,0,0.9751935244151752,0.7789130137366499
toolbench_subset,100,11,react_capped,0.47134152616343616,86.16445866758576,84.25822466337668,19,1,0,0.9875457462966116,0.5162042201331755
toolbench_subset,100,11,bwk_vanilla,0.4837179436743543,84.20308230133871,84.25822466337668,17,0,0,0.9875457462966116,0.5038278026222573
toolbench_subset,100,11,cbuc,0.9665437963706714,31.441474501951177,84.25822466337668,20,0,0,0.9875457462966116,0.021001949925940178
toolbench_subset,100,11,cbuc_aggr,0.731194290316374,26.702202043293607,84.25822466337668,17,0,0,0.9875457462966116,0.2563514559802377
toolbench_subset,100,12,react_capped,0.4147151042949263,111.26412720918344,81.79088039418455,12,1,0,0.9839651686821436,0.5692500643872173
toolbench_subset,100,12,bwk_vanilla,0.602670722796055,114.99909338833751,81.79088039418455,17,1,0,0.9839651686821436,0.3812944458860885
toolbench_subset,100,12,cbuc,0.29275470929453384,9.199962972568116,81.79088039418455,6,0,0,0.9839651686821436,0.6912104593876097
toolbench_subset,100,12,cbuc_aggr,0.18296904128225544,7.784873600281729,81.79088039418455,6,0,0,0.9839651686821436,0.8009961273998881
toolbench_subset,100,13,react_capped,0.8601281047986932,74.86585772703424,78.90071282828988,22,0,1,0.9905984631991717,0.1304703584004785
toolbench_subset,100,13,bwk_vanilla,0.8195256237177649,78.79429787988309,78.90071282828988,16,0,0,0.9905984631991717,0.17107283948140672
toolbench_subset,100,13,cbuc,0.22025088872405185,12.300958009407351,78.90071282828988,6,0,0,0.9905984631991717,0.7703475744751198
toolbench_subset,100,13,cbuc_aggr,0.24675897685251735,9.570860265698236,78.90071282828988,6,0,0,0.9905984631991717,0.7438394863466543
toolbench_subset,100,14,react_capped,0.8660807699900632,60.91016924886092,83.68111145390095,20,0,1,0.9776106436950015,0.11152987370493828
toolbench_subset,100,14,bwk_vanilla,0.3091130786758802,110.44533713822662,83.68111145390095,14,1,0,0.9776106436950015,0.6684975650191213
toolbench_subset,100,14,cbuc,0.011009734201216759,10.629249908116929,83.68111145390095,6,0,0,0.9776106436950015,0.9666009094937847
toolbench_subset,100,14,cbuc_aggr,0.17715677497918902,12.778950461334802,83.68111145390095,6,0,0,0.9776106436950015,0.8004538687158125
toolbench_subset,100,15,react_capped,0.1362349329853213,85.96043850666919,83.98684401867438,9,1,0,0.9828615007139615,0.8466265677286402
toolbench_subset,100,15,bwk_vanilla,0.7745208491746368,86.61076590517084,83.98684401867438,17,1,0,0.9828615007139615,0.20834065153932468
toolbench_subset,100,15,cbuc,0.7679956663360099,37.42958131719632,83.98684401867438,19,0,0,0.9828615007139615,0.2148658343779516
toolbench_subset,100,15,cbuc_aggr,0.7410553840718623,39.73643051446679,83.98684401867438,16,0,0,0.9828615007139615,0.24180611664209917
toolbench_subset,100,16,react_capped,0.6996883125588139,65.25935547142417,83.30187574637205,16,0,1,0.9584577252897502,0.25876941273093623
toolbench_subset,100,16,bwk_vanilla,0.6790471834443559,81.51872751271365,83.30187574637205,21,0,0,0.9584577252897502,0.27941054184539427
toolbench_subset,100,16,cbuc,0.10700602304052031,10.481456405913079,83.30187574637205,6,0,0,0.9584577252897502,0.8514517022492298
toolbench_subset,100,16,cbuc_aggr,0.37284502387836627,10.255287455250622,83.30187574637205,6,0,0,0.9584577252897502,0.5856127014113839
toolbench_subset,100,17,react_capped,0.7983377078478996,100.8133836175617,86.27355435216298,15,1,0,0.9706474746563842,0.17230976680848464
toolbench_subset,100,17,bwk_vanilla,0.8153752178905026,91.62116359240912,86.27355435216298,18,1,0,0.9706474746563842,0.15527225676588163
toolbench_subset,100,17,cbuc,0.770678066822015,21.271305349607996,86.27355435216298,18,0,0,0.9706474746563842,0.19996940783436923
toolbench_subset,100,17,cbuc_aggr,0.2809499468351975,8.92687798765676,86.27355435216298,6,0,0,0.9706474746563842,0.6896975278211868
toolbench_subset,100,18,react_capped,0.6036729577309251,99.19913506916419,78.70675024785791,16,1,0,0.9793569336077897,0.37568397587686464
toolbench_subset,100,18,bwk_vanilla,0.6810172171260035,66.10921652400933,78.70675024785791,22,0,1,0.9793569336077897,0.29833971648178625
toolbench_subset,100,18,cbuc,0.11068887373318648,12.748516833317636,78.70675024785791,6,0,0,0.9793569336077897,0.8686680598746033
toolbench_subset,100,18,cbuc_aggr,0.3894529918982115,19.986427216397484,78.70675024785791,6,0,0,0.9793569336077897,0.5899039417095783
toolbench_subset,100,19,react_capped,0.8317971979175992,97.468432743038,79.81755953422092,16,1,0,0.995704361146034,0.1639071632284348
toolbench_subset,100,19,bwk_vanilla,0.6691059976705382,82.59090103765601,79.81755953422092,13,1,0,0.995704361146034,0.32659836347549576
toolbench_subset,100,19,cbuc,0.29189673048246245,5.598777189877188,79.81755953422092,6,0,0,0.995704361146034,0.7038076306635715
toolbench_subset,100,19,cbuc_aggr,0.1639455808792153,7.900506635836911,79.81755953422092,6,0,0,0.995704361146034,0.8317587802668187
toolbench_subset,100,20,react_capped,0.9289925634143242,90.89543177024697,84.41184139261019,19,1,0,0.990162211312389,0.06116964789806478
toolbench_subset,100,20,bwk_vanilla,0.63214572648935,89.74178914111764,84.41184139261019,14,1,0,0.990162211312389,0.35801648482303905
toolbench_subset,100,20,cbuc,0.0,19.403040366168113,84.41184139261019,6,0,0,0.990162211312389,0.990162211312389
toolbench_subset,100,20,cbuc_aggr,0.14670814212131555,7.240596797584219,84.41184139261019,6,0,0,0.990162211312389,0.8434540691910735
toolbench_subset,100,21,react_capped,0.5096932488535371,56.35907668577385,81.95281462228111,16,0,1,0.9816768129671506,0.47198356411361353
toolbench_subset,100,21,bwk_vanilla,0.4556018635932829,81.4987899937568,81.95281462228111,11,0,0,0.9816768129671506,0.5260749493738677
toolbench_subset,100,21,cbuc,0.028210995295758434,6.877849624674581,81.95281462228111,6,0,0,0.9816768129671506,0.9534658176713922
toolbench_subset,100,21,cbuc_aggr,0.17283558980859592,7.088628211710671,81.95281462228111,6,0,0,0.9816768129671506,0.8088412231585547
toolbench_subset,100,22,react_capped,0.6607820048034665,63.082389944639075,78.43047221367982,17,0,1,0.9717568887173084,0.31097488391384187
toolbench_subset,100,22,bwk_vanilla,0.6384231380321205,78.55447788666542,78.43047221367982,19,1,1,0.9717568887173084,0.3333337506851879
toolbench_subset,100,22,cbuc,0.8008877339005703,34.806600600441435,78.43047221367982,21,0,0,0.9717568887173084,0.17086915481673803
toolbench_subset,100,22,cbuc_aggr,0.9984365421528066,47.87260890265122,78.43047221367982,22,0,0,0.9717568887173084,-0.026679653435498274
toolbench_subset,100,23,react_capped,0.6868243328723054,68.04087334060542,82.39565675406428,14,0,1,0.9535577704075167,0.2667334375352113
toolbench_subset,100,23,bwk_vanilla,0.7108346864905215,100.15794890361886,82.39565675406428,17,1,0,0.9535577704075167,0.24272308391699515
toolbench_subset,100,23,cbuc,0.9999763015676771,25.955521394009146,82.39565675406428,25,0,0,0.9535577704075167,-0.04641853116016048
toolbench_subset,100,23,cbuc_aggr,0.9999996215610025,35.82538602996678,82.39565675406428,31,0,0,0.9535577704075167,-0.04644185115348587
toolbench_subset,100,24,react_capped,0.7764422218844677,60.98070307168264,82.92976309672515,16,0,1,0.921276820398486,0.14483459851401836
toolbench_subset,100,24,bwk_vanilla,0.8828166499267371,78.54217337272728,82.92976309672515,21,0,0,0.921276820398486,0.03846017047174888
toolbench_subset,100,24,cbuc,0.8920088305378252,34.98055642682967,82.92976309672515,20,0,0,0.921276820398486,0.029267989860660815
toolbench_subset,100,24,cbuc_aggr,0.27179453905117223,13.425810069383967,82.92976309672515,6,0,0,0.921276820398486,0.6494822813473138
toolbench_subset,100,25,react_capped,0.6926476328987246,67.19539325105708,79.69582622370555,19,0,1,0.9767257238258225,0.2840780909270979
toolbench_subset,100,25,bwk_vanilla,0.5261333037538172,122.40399048382432,79.69582622370555,19,1,0,0.9767257238258225,0.4505924200720053
toolbench_subset,100,25,cbuc,0.07477564747371057,7.068159251188772,79.69582622370555,6,0,0,0.9767257238258225,0.9019500763521119
toolbench_subset,100,25,cbuc_aggr,0.27524927027829516,10.03576857742485,79.69582622370555,6,0,0,0.9767257238258225,0.7014764535475273
toolbench_subset,100,26,react_capped,0.9573847795110126,92.2730829526286,82.40665674914229,19,1,0,0.9911907967649661,0.03380601725395349
toolbench_subset,100,26,bwk_vanilla,0.518484319747637,157.2075215689916,82.40665674914229,10,1,0,0.9911907967649661,0.47270647701732915
toolbench_subset,100,26,cbuc,0.1819396300309265,15.606263751276344,82.40665674914229,6,0,0,0.9911907967649661,0.8092511667340396
toolbench_subset,100,26,cbuc_aggr,0.30585393910001446,8.510616758313462,82.40665674914229,6,0,0,0.9911907967649661,0.6853368576649517
toolbench_subset,100,27,react_capped,0.8791917471189487,86.16412210567722,82.1851925102979,17,1,0,0.9879227798610027,0.10873103274205409
toolbench_subset,100,27,bwk_vanilla,0.6905218796350607,75.31883281312176,82.1851925102979,16,0,1,0.9879227798610027,0.297400900225942
toolbench_subset,100,27,cbuc,0.25839001071121825,8.170469516751336,82.1851925102979,6,0,0,0.9879227798610027,0.7295327691497845
toolbench_subset,100,27,cbuc_aggr,0.12222756396156931,11.306088529904287,82.1851925102979,6,0,0,0.9879227798610027,0.8656952158994334
toolbench_subset,100,28,react_capped,0.6933638602879463,83.93636801885457,81.78709102918675,17,1,1,0.9803187162601724,0.28695485597222614
toolbench_subset,100,28,bwk_vanilla,0.8531394724890723,80.74887498203168,81.78709102918675,18,0,1,0.9803187162601724,0.12717924377110013
toolbench_subset,100,28,cbuc,0.1607647007997134,6.60361872660952,81.78709102918675,6,0,0,0.9803187162601724,0.819554015460459
toolbench_subset,100,28,cbuc_aggr,0.00646609409054677,6.637281616047739,81.78709102918675,6,0,0,0.9803187162601724,0.9738526221696256
toolbench_subset,100,29,react_capped,0.4300588069617529,73.29462238505563,83.65569362648871,17,0,1,0.9499214100685607,0.5198626031068078
toolbench_subset,100,29,bwk_vanilla,0.5842537217645348,73.79535473160226,83.65569362648871,19,0,1,0.9499214100685607,0.36566768830402585
toolbench_subset,100,29,cbuc,0.13773494442363,6.765760014309663,83.65569362648871,6,0,0,0.9499214100685607,0.8121864656449307
toolbench_subset,100,29,cbuc_aggr,0.14983772818307917,11.568228861173825,83.65569362648871,6,0,0,0.9499214100685607,0.8000836818854815
toolbench_subset,100,30,react_capped,0.9318732178599146,78.19582903609346,86.6097083546584,17,0,1,0.9790429089809608,0.04716969112104619
toolbench_subset,100,30,bwk_vanilla,0.8176068705383892,99.34438683132367,86.6097083546584,15,1,0,0.9790429089809608,0.1614360384425716
toolbench_subset,100,30,cbuc,0.7648545209870709,33.558773648498665,86.6097083546584,23,0,0,0.9790429089809608,0.21418838799388995
toolbench_subset,100,30,cbuc_aggr,0.1918609549751733,8.76616725047351,86.6097083546584,6,0,0,0.9790429089809608,0.7871819540057875
toolbench_subset,100,31,react_capped,0.6190782986758845,96.82151800943359,83.9681634775852,17,1,0,0.9721036018784517,0.3530253032025672
toolbench_subset,100,31,bwk_vanilla,0.4864998702962223,83.70675886296885,83.9681634775852,15,0,0,0.9721036018784517,0.48560373158222936
toolbench_subset,100,31,cbuc,0.26630239707834447,5.503289688107751,83.9681634775852,6,0,0,0.9721036018784517,0.7058012048001072
toolbench_subset,100,31,cbuc_aggr,0.6947129323566641,33.89529068140602,83.9681634775852,18,0,0,0.9721036018784517,0.2773906695217876
toolbench_subset,100,32,react_capped,0.36473677956132455,80.72909026287807,77.71517991305403,19,1,0,0.9394402139857395,0.574703434424415
toolbench_subset,100,32,bwk_vanilla,0.46640679380206185,77.90840775466907,77.71517991305403,17,1,0,0.9394402139857395,0.47303342018367767
toolbench_subset,100,32,cbuc,0.9976101190697942,20.26303811463839,77.71517991305403,13,0,0,0.9394402139857395,-0.05816990508405473
toolbench_subset,100,32,cbuc_aggr,0.999187465661379,14.575683236302524,77.71517991305403,13,0,0,0.9394402139857395,-0.059747251675639435
toolbench_subset,100,33,react_capped,0.7013457746083088,52.51285446651892,74.23071568267657,15,0,1,0.9854118019629174,0.2840660273546086
toolbench_subset,100,33,bwk_vanilla,0.6468757096965776,73.24458200550404,74.23071568267657,16,0,0,0.9854118019629174,0.33853609226633985
toolbench_subset,100,33,cbuc,0.9048158343765208,25.725716822497894,74.23071568267657,15,0,0,0.9854118019629174,0.08059596758639664
toolbench_subset,100,33,cbuc_aggr,0.9396866538156496,40.92677318073348,74.23071568267657,15,0,0,0.9854118019629174,0.0457251481472678
toolbench_subset,100,34,react_capped,0.31950575544795556,83.26771660170782,80.46829975987694,16,1,0,0.9912876916262191,0.6717819361782635
toolbench_subset,100,34,bwk_vanilla,0.5461077941662575,65.56697023924313,80.46829975987694,20,0,1,0.9912876916262191,0.44517989745996156
toolbench_subset,100,34,cbuc,0.17252831043442884,13.512919989204887,80.46829975987694,6,0,0,0.9912876916262191,0.8187593811917903
toolbench_subset,100,34,cbuc_aggr,0.0,9.728734491074428,80.46829975987694,6,0,0,0.9912876916262191,0.9912876916262191
toolbench_subset,100,35,react_capped,0.6635818326306717,54.04499163908378,74.76057480057297,15,0,1,0.9844007198030152,0.3208188871723435
toolbench_subset,100,35,bwk_vanilla,0.0,116.13274846212998,74.76057480057297,1,1,0,0.9844007198030152,0.9844007198030152
toolbench_subset,100,35,cbuc,0.15290197303924968,8.55323166113767,74.76057480057297,6,0,0,0.9844007198030152,0.8314987467637656
toolbench_subset,100,35,cbuc_aggr,0.07458598009053397,13.018714073094886,74.76057480057297,6,0,0,0.9844007198030152,0.9098147397124813
toolbench_subset,100,36,react_capped,0.8480004928187608,79.07121483511602,78.55955639554129,18,1,1,0.9207966956659006,0.07279620284713983
toolbench_subset,100,36,bwk_vanilla,0.4149069422734052,78.95353030038207,78.55955639554129,8,1,0,0.9207966956659006,0.5058897533924954
toolbench_subset,100,36,cbuc,0.715616018240872,48.066971302664214,78.55955639554129,17,0,0,0.9207966956659006,0.20518067742502866
toolbench_subset,100,36,cbuc_aggr,0.766714823282714,44.12251819656717,78.55955639554129,20,0,0,0.9207966956659006,0.1540818723831866
toolbench_subset,100,37,react_capped,0.5433900073099374,76.67705772771232,81.9645562102158,18,0,1,0.9335727088409245,0.3901827015309871
toolbench_subset,100,37,bwk_vanilla,0.46651429770699027,82.0510099584266,81.9645562102158,17,1,0,0.9335727088409245,0.4670584111339342
toolbench_subset,100,37,cbuc,0.34224332508523936,9.254796277996096,81.9645562102158,6,0,0,0.9335727088409245,0.5913293837556851
toolbench_subset,100,37,cbuc_aggr,0.6845103420526835,15.305568780886876,81.9645562102158,13,0,0,0.9335727088409245,0.249062366788241
toolbench_subset,100,38,react_capped,0.8550686157162198,88.30145163818942,84.4038457667403,21,1,0,0.979051192326827,0.12398257661060719
toolbench_subset,100,38,bwk_vanilla,0.43513168933168156,83.33983219732389,84.4038457667403,16,0,0,0.979051192326827,0.5439195029951455
toolbench_subset,100,38,cbuc,0.08679864668827109,7.659421180257482,84.4038457667403,6,0,0,0.979051192326827,0.8922525456385559
toolbench_subset,100,38,cbuc_aggr,0.26904871351445403,8.8269275989832,84.4038457667403,6,0,0,0.979051192326827,0.710002478812373
toolbench_subset,100,39,react_capped,0.28672353402199113,85.98076573377271,81.01342476565864,14,1,0,0.9827135194263532,0.6959899854043621
toolbench_subset,100,39,bwk_vanilla,0.8630721177665068,263.7140315534777,81.01342476565864,12,1,0,0.9827135194263532,0.11964140165984638
toolbench_subset,100,39,cbuc,0.214847889297218,10.863113381299637,81.01342476565864,6,0,0,0.9827135194263532,0.7678656301291352
toolbench_subset,100,39,cbuc_aggr,0.235710343513707,7.014172134925498,81.01342476565864,6,0,0,0.9827135194263532,0.7470031759126462
toolbench_subset,100,40,react_capped,0.43984792875783485,87.28084657137661,86.60741162804264,12,1,0,0.8747519901135118,0.43490406135567694
toolbench_subset,100,40,bwk_vanilla,0.6019647305023226,107.94688903548924,86.60741162804264,16,1,0,0.8747519901135118,0.2727872596111892
toolbench_subset,100,40,cbuc,0.2551083296478449,18.27301954850848,86.60741162804264,6,0,0,0.8747519901135118,0.6196436604656669
toolbench_subset,100,40,cbuc_aggr,0.2268849721922872,10.153520422121534,86.60741162804264,6,0,0,0.8747519901135118,0.6478670179212246
toolbench_subset,100,41,react_capped,0.8688557363252349,79.22389373461992,88.733455392334,19,0,1,0.993028739367212,0.12417300304197709
toolbench_subset,100,41,bwk_vanilla,0.7941465079505919,89.98727354691424,88.733455392334,15,1,0,0.993028739367212,0.1988822314166201
toolbench_subset,100,41,cbuc,0.997768719822617,87.60382525924196,88.733455392334,18,0,0,0.993028739367212,-0.004739980455404913
toolbench_subset,100,41,cbuc_aggr,0.9953156860624397,43.18536612830692,88.733455392334,23,0,0,0.993028739367212,-0.002286946695227665
toolbench_subset,100,42,react_capped,0.9176076375805322,47.369291194702825,79.53339917850693,15,0,1,0.9920186456595711,0.07441100807903889
toolbench_subset,100,42,bwk_vanilla,0.3664579185122785,77.53377935966628,79.53339917850693,20,0,0,0.9920186456595711,0.6255607271472926
toolbench_subset,100,42,cbuc,0.10113452026373104,26.654842957973393,79.53339917850693,6,0,0,0.9920186456595711,0.89088412539584
toolbench_subset,100,42,cbuc_aggr,0.0,11.116228776105482,79.53339917850693,6,0,0,0.9920186456595711,0.9920186456595711
toolbench_subset,100,43,react_capped,0.896482934516758,81.9533570341998,78.68106887570815,20,1,1,0.9840815155714077,0.08759858105464968
toolbench_subset,100,43,bwk_vanilla,0.9267821921661235,78.08841010052647,78.68106887570815,19,0,0,0.9840815155714077,0.05729932340528421
toolbench_subset,100,43,cbuc,0.9999998909706016,43.45937821979507,78.68106887570815,34,0,0,0.9840815155714077,-0.01591837539919394
toolbench_subset,100,43,cbuc_aggr,0.9999999758506448,57.688069337744906,78.68106887570815,37,0,0,0.9840815155714077,-0.015918460279237157
toolbench_subset,100,44,react_capped,0.3993807923298479,88.15193298085441,87.9160229231448,16,1,0,0.9388888769718443,0.5395080846419964
toolbench_subset,100,44,bwk_vanilla,0.6255428113370195,80.4782230974113,87.9160229231448,21,0,0,0.9388888769718443,0.3133460656348248
toolbench_subset,100,44,cbuc,0.9389899529776831,40.337242322473536,87.9160229231448,18,0,0,0.9388888769718443,-0.00010107600583875165
toolbench_subset,100,44,cbuc_aggr,0.9940087086795142,47.93359273404066,87.9160229231448,29,0,0,0.9388888769718443,-0.055119831707669875
toolbench_subset,100,45,react_capped,0.64143157285915,76.37240117507142,87.52558389390566,18,0,1,0.9678034635255532,0.32637189066640326
toolbench_subset,100,45,bwk_vanilla,0.8982093916401206,84.84152751956424,87.52558389390566,19,0,0,0.9678034635255532,0.06959407188543265
toolbench_subset,100,45,cbuc,0.9995564088502781,25.599172053531234,87.52558389390566,20,0,0,0.9678034635255532,-0.031752945324724835
toolbench_subset,100,45,cbuc_aggr,0.11732350018966808,9.006096146216352,87.52558389390566,6,0,0,0.9678034635255532,0.8504799633358852
toolbench_subset,100,46,react_capped,0.8003184438255561,68.23983126799017,76.12142990167088,19,0,1,0.9959154209923942,0.1955969771668381
toolbench_subset,100,46,bwk_vanilla,0.7740172678021482,61.49909577549048,76.12142990167088,17,0,1,0.9959154209923942,0.22189815319024597
toolbench_subset,100,46,cbuc,0.6266133658787663,35.9249263868752,76.12142990167088,16,0,0,0.9959154209923942,0.3693020551136279
toolbench_subset,100,46,cbuc_aggr,0.20540581920990375,7.2792950090214825,76.12142990167088,6,0,0,0.9959154209923942,0.7905096017824904
toolbench_subset,100,47,react_capped,0.6322229442725813,115.10455649451208,83.74399739390815,13,1,0,0.9771263112563866,0.3449033669838053
toolbench_subset,100,47,bwk_vanilla,0.9219795800054464,54.40372782446725,83.74399739390815,15,0,1,0.9771263112563866,0.05514673125094016
toolbench_subset,100,47,cbuc,0.7439009322652537,40.06409777411743,83.74399739390815,17,0,0,0.9771263112563866,0.23322537899113294
toolbench_subset,100,47,cbuc_aggr,0.7809774626024242,31.705567567820832,83.74399739390815,19,0,0,0.9771263112563866,0.19614884865396243
toolbench_subset,100,48,react_capped,0.6422430463905118,93.17288862823922,76.35073851308309,10,1,0,0.9667516518123686,0.3245086054218568
toolbench_subset,100,48,bwk_vanilla,0.7325189306937009,75.9456661451436,76.35073851308309,14,0,0,0.9667516518123686,0.23423272111866766
toolbench_subset,100,48,cbuc,0.07770075623296446,9.217616285340222,76.35073851308309,6,0,0,0.9667516518123686,0.8890508955794041
toolbench_subset,100,48,cbuc_aggr,0.13546188010004157,5.776119882262326,76.35073851308309,6,0,0,0.9667516518123686,0.831289771712327
toolbench_subset,100,49,react_capped,0.5300430601959006,78.81571761857961,78.06757360723206,14,1,0,0.9670569930446318,0.43701393284873113
toolbench_subset,100,49,bwk_vanilla,0.6335019383828958,80.24580484909258,78.06757360723206,18,1,0,0.9670569930446318,0.33355505466173596
toolbench_subset,100,49,cbuc,0.08711732751364731,22.0821112385636,78.06757360723206,6,0,0,0.9670569930446318,0.8799396655309845
toolbench_subset,100,49,cbuc_aggr,0.317271224964329,5.468498532694166,78.06757360723206,6,0,0,0.9670569930446318,0.6497857680803028
tau_bench,15,0,react_capped,0.23240067764377537,46.39286149346556,45.60903315254886,4,1,0,0.8989828627029035,0.6665821850591281
tau_bench,15,0,bwk_vanilla,0.613760414570734,44.807507962012885,45.60903315254886,7,0,0,0.8989828627029035,0.28522244813216946
tau_bench,15,0,cbuc,0.3210772159998373,10.201737265208816,45.60903315254886,6,0,0,0.8989828627029035,0.5779056467030662
tau_bench,15,0,cbuc_aggr,0.07802797814308449,7.065554597907922,45.60903315254886,6,0,0,0.8989828627029035,0.820954884559819
tau_bench,15,1,react_capped,0.7784440230928673,51.071402088232446,50.65017554719604,9,1,0,0.8829984993735743,0.10455447628070702
tau_bench,15,1,bwk_vanilla,0.8958249102885214,49.98591311409667,50.65017554719604,11,0,0,0.8829984993735743,-0.012826410914947073
tau_bench,15,1,cbuc,0.31895112753262633,8.45404710420812,50.65017554719604,6,0,0,0.8829984993735743,0.564047371840948
tau_bench,15,1,cbuc_aggr,0.31470102334795214,8.850046485785683,50.65017554719604,6,0,0,0.8829984993735743,0.5682974760256222
tau_bench,15,2,react_capped,0.9428488214770454,49.94566652212142,46.70010495483207,10,1,0,0.973980943697127,0.03113212222008155
tau_bench,15,2,bwk_vanilla,0.8825384414471881,51.75778040335542,46.70010495483207,7,1,0,0.973980943697127,0.09144250224993888
tau_bench,15,2,cbuc,0.1428689332966543,7.70402567165263,46.70010495483207,6,0,0,0.973980943697127,0.8311120104004727
tau_bench,15,2,cbuc_aggr,0.06818947668747832,8.192941173432619,46.70010495483207,6,0,0,0.973980943697127,0.9057914670096486
tau_bench,15,3,react_capped,0.9073688158161662,40.27972001241575,38.98159310196809,10,1,0,0.9671320605603976,0.059763244744231336
tau_bench,15,3,bwk_vanilla,0.9124341566740759,41.96937969496773,38.98159310196809,9,1,0,0.9671320605603976,0.054697903886321675
tau_bench,15,3,cbuc,0.04586690904167645,6.393660798348934,38.98159310196809,6,0,0,0.9671320605603976,0.9212651515187211
tau_bench,15,3,cbuc_aggr,0.1318197961490557,10.647781348401676,38.98159310196809,6,0,0,0.9671320605603976,0.8353122644113419
tau_bench,15,4,react_capped,0.7551959050861502,58.20322992359017,54.14446763160534,5,1,0,0.9650537991181076,0.20985789403195743
tau_bench,15,4,bwk_vanilla,0.9387454245361602,53.693401683033905,54.14446763160534,11,0,0,0.9650537991181076,0.026308374581947458
tau_bench,15,4,cbuc,0.9999651893116469,14.579680911727465,54.14446763160534,12,0,0,0.9650537991181076,-0.03491139019353928
tau_bench,15,4,cbuc_aggr,0.9997225025760432,34.232737579755096,54.14446763160534,11,0,0,0.9650537991181076,-0.0346687034579356
tau_bench,15,5,react_capped,0.884965435343805,55.361788729719144,49.448660530390384,10,1,0,0.9321329487980473,0.047167513454242305
tau_bench,15,5,bwk_vanilla,0.9542406245791386,50.29477852177547,49.448660530390384,13,1,0,0.9321329487980473,-0.022107675781091296
tau_bench,15,5,cbuc,0.9937925710857926,25.698692679609465,49.448660530390384,11,0,0,0.9321329487980473,-0.06165962228774524
tau_bench,15,5,cbuc_aggr,0.9392195281883615,40.129259416152465,49.448660530390384,12,0,0,0.9321329487980473,-0.007086579390314207
tau_bench,15,6,react_capped,0.5717055049860951,50.614818027814096,49.4341043120776,10,1,0,0.9436858952907071,0.37198039030461205
tau_bench,15,6,bwk_vanilla,0.878167136141496,49.29325813073191,49.4341043120776,10,0,0,0.9436858952907071,0.06551875914921113
tau_bench,15,6,cbuc,0.9985484598870518,33.27568648869942,49.4341043120776,20,0,0,0.9436858952907071,-0.05486256459634464
tau_bench,15,6,cbuc_aggr,0.9989340060287935,30.313612983474474,49.4341043120776,20,0,0,0.9436858952907071,-0.05524811073808633
tau_bench,15,7,react_capped,0.8282693670268114,53.379980532449,46.286350651636006,11,1,0,0.8914783717318037,0.06320900470499224
tau_bench,15,7,bwk_vanilla,0.8013871117542954,47.58117881093355,46.286350651636006,9,1,0,0.8914783717318037,0.09009125997750822
tau_bench,15,7,cbuc,0.9999999609551792,35.35003680517799,46.286350651636006,26,0,0,0.8914783717318037,-0.10852158922337551
tau_bench,15,7,cbuc_aggr,0.9999999917798025,44.8565656038831,46.286350651636006,31,0,0,0.8914783717318037,-0.10852162004799881
tau_bench,15,8,react_capped,0.8370221190809425,60.35388967490311,56.16885147896626,11,1,0,0.9438398964890278,0.10681777740808529
tau_bench,15,8,bwk_vanilla,0.8977326876562244,55.39046331013021,56.16885147896626,10,0,0,0.9438398964890278,0.04610720883280339
tau_bench,15,8,cbuc,0.359190196928735,4.815482096258163,56.16885147896626,6,0,0,0.9438398964890278,0.5846496995602928
tau_bench,15,8,cbuc_aggr,0.05733986894535814,4.727898730869115,56.16885147896626,6,0,0,0.9438398964890278,0.8865000275436696
tau_bench,15,9,react_capped,0.875887029856588,35.70464826655406,33.93188864794509,12,1,0,0.8770197397864399,0.0011327099298519272
tau_bench,15,9,bwk_vanilla,0.49950196884437514,34.71591644902516,33.93188864794509,10,1,0,0.8770197397864399,0.37751777094206473
tau_bench,15,9,cbuc,0.6571551359453223,25.906895893155824,33.93188864794509,12,0,0,0.8770197397864399,0.2198646038411176
tau_bench,15,9,cbuc_aggr,0.8777855536645098,23.13012872127554,33.93188864794509,16,0,0,0.8770197397864399,-0.0007658138780699542
tau_bench,15,10,react_capped,0.8646518518968492,60.50532107608263,56.43938814666168,10,1,0,0.9378281325046376,0.07317628060778836
tau_bench,15,10,bwk_vanilla,0.027245344139579686,65.79037329353156,56.43938814666168,1,1,0,0.9378281325046376,0.9105827883650579
tau_bench,15,10,cbuc,0.9994812278904338,39.28995840632906,56.43938814666168,20,0,0,0.9378281325046376,-0.06165309538579622
tau_bench,15,10,cbuc_aggr,0.9798760245634074,41.52272503179074,56.43938814666168,15,0,0,0.9378281325046376,-0.0420478920587698
tau_bench,15,11,react_capped,0.8797435281251322,48.80246976538712,46.202105044246096,11,1,0,0.9592349132072452,0.07949138508211295
tau_bench,15,11,bwk_vanilla,0.7500869242082503,46.15105779080706,46.202105044246096,9,0,0,0.9592349132072452,0.2091479889989949
tau_bench,15,11,cbuc,0.9999982090361275,34.66043157637388,46.202105044246096,22,0,0,0.9592349132072452,-0.04076329582888227
tau_bench,15,11,cbuc_aggr,0.9999073170833961,37.40398363096336,46.202105044246096,20,0,0,0.9592349132072452,-0.0406724038761509
tau_bench,15,12,react_capped,0.7247365369949839,47.45265327477585,42.98449285191353,11,1,0,0.9372543077739075,0.21251777077892364
tau_bench,15,12,bwk_vanilla,0.894813648448247,42.164055614715004,42.98449285191353,10,0,0,0.9372543077739075,0.042440659325660546
tau_bench,15,12,cbuc,0.9987436707683329,20.787747167662197,42.98449285191353,12,0,0,0.9372543077739075,-0.06148936299442542
tau_bench,15,12,cbuc_aggr,0.999126795728219,11.790315834995411,42.98449285191353,11,0,0,0.9372543077739075,-0.06187248795431155
tau_bench,15,13,react_capped,0.927057684828075,43.101460619227645,42.59034593328987,10,1,0,0.9327189056896146,0.005661220861539529
tau_bench,15,13,bwk_vanilla,0.8895894282210164,46.88877536600177,42.59034593328987,11,1,0,0.9327189056896146,0.04312947746859819
tau_bench,15,13,cbuc,0.8373165563697856,24.86654115144674,42.59034593328987,16,0,0,0.9327189056896146,0.09540234931982894
tau_bench,15,13,cbuc_aggr,0.26724386001287315,9.814721179385252,42.59034593328987,6,0,0,0.9327189056896146,0.6654750456767414
tau_bench,15,14,react_capped,0.9028461936572323,51.61005339078676,51.19441816314138,10,1,0,0.8895776017671201,-0.013268591890112202
tau_bench,15,14,bwk_vanilla,0.8741748106469881,50.56369766095403,51.19441816314138,14,0,0,0.8895776017671201,0.015402791120131987
tau_bench,15,14,cbuc,0.14166151438951968,7.622057821987785,51.19441816314138,6,0,0,0.8895776017671201,0.7479160873776004
tau_bench,15,14,cbuc_aggr,0.1586038187694977,5.8401347418764065,51.19441816314138,6,0,0,0.8895776017671201,0.7309737829976224
tau_bench,15,15,react_capped,0.8050130222412043,43.15562595356822,41.42545100937133,9,1,0,0.8433621821611297,0.03834915991992538
tau_bench,15,15,bwk_vanilla,0.564395902641974,45.41668516359311,41.42545100937133,9,1,0,0.8433621821611297,0.27896627951915565
tau_bench,15,15,cbuc,0.9320435313340861,30.469498009169854,41.42545100937133,15,0,0,0.8433621821611297,-0.08868134917295645
tau_bench,15,15,cbuc_aggr,0.9824164307203309,29.131347596066185,41.42545100937133,18,0,0,0.8433621821611297,-0.13905424855920123
tau_bench,15,16,react_capped,0.8729094049210485,46.67406146349215,45.66679879474948,9,1,0,0.9463539134215169,0.07344450850046835
tau_bench,15,16,bwk_vanilla,0.9183552561002554,45.277650371344905,45.66679879474948,11,0,0,0.9463539134215169,0.0279986573212615
tau_bench,15,16,cbuc,0.2627643493070412,11.641551956581754,45.66679879474948,6,0,0,0.9463539134215169,0.6835895641144757
tau_bench,15,16,cbuc_aggr,0.20864964850874657,7.897129002968674,45.66679879474948,6,0,0,0.9463539134215169,0.7377042649127703
tau_bench,15,17,react_capped,0.98771729426201,53.29750675811523,41.99798183483279,12,1,0,0.9747187391830391,-0.012998555078970964
tau_bench,15,17,bwk_vanilla,0.8980302721562391,43.87107219292469,41.99798183483279,10,1,0,0.9747187391830391,0.07668846702679999
tau_bench,15,17,cbuc,0.991644497281972,22.318673067367598,41.99798183483279,14,0,0,0.9747187391830391,-0.01692575809893293
tau_bench,15,17,cbuc_aggr,0.949422863510794,18.944411913712447,41.99798183483279,12,0,0,0.9747187391830391,0.025295875672245116
tau_bench,15,18,react_capped,0.6728440254845511,67.20819592030404,47.17482795984355,6,1,0,0.9668186444478242,0.29397461896327304
tau_bench,15,18,bwk_vanilla,0.9448367563706587,47.40123786733237,47.17482795984355,9,1,0,0.9668186444478242,0.0219818880771655
tau_bench,15,18,cbuc,0.9998961662876454,15.501924535662843,47.17482795984355,14,0,0,0.9668186444478242,-0.03307752183982127
tau_bench,15,18,cbuc_aggr,0.9999954119548994,24.4902933476845,47.17482795984355,17,0,0,0.9668186444478242,-0.03317676750707521
tau_bench,15,19,react_capped,0.9112658942128561,35.52076242112056,34.470576441493456,9,1,0,0.9176021844060037,0.006336290193147631
tau_bench,15,19,bwk_vanilla,0.9743784394925352,40.603391228898744,34.470576441493456,13,1,0,0.9176021844060037,-0.0567762550865315
tau_bench,15,19,cbuc,0.7869572562636094,17.004525872270822,34.470576441493456,12,0,0,0.9176021844060037,0.13064492814239437
tau_bench,15,19,cbuc_aggr,0.847841009616779,27.10652698024603,34.470576441493456,14,0,0,0.9176021844060037,0.06976117478922472
tau_bench,15,20,react_capped,0.049524842846778605,50.42115874335279,42.517309339546394,2,1,0,0.9682057825403374,0.9186809396935588
tau_bench,15,20,bwk_vanilla,0.9703403973584667,42.17734065321958,42.517309339546394,10,0,0,0.9682057825403374,-0.0021346148181292657
tau_bench,15,20,cbuc,0.08418569552904187,17.574563668799435,42.517309339546394,6,0,0,0.9682057825403374,0.8840200870112955
tau_bench,15,20,cbuc_aggr,0.1203778949571288,20.193932823667694,42.517309339546394,6,0,0,0.9682057825403374,0.8478278875832086
tau_bench,15,21,react_capped,0.9059587464502331,52.377318844637415,47.30540608003071,12,1,0,0.8892485545415044,-0.01671019190872869
tau_bench,15,21,bwk_vanilla,0.8876021878177587,47.585941413194114,47.30540608003071,13,1,0,0.8892485545415044,0.0016463667237457402
tau_bench,15,21,cbuc,0.2784988372262872,23.184095727851233,47.30540608003071,6,0,0,0.8892485545415044,0.6107497173152172
tau_bench,15,21,cbuc_aggr,0.165711719033092,21.007164939207925,47.30540608003071,6,0,0,0.8892485545415044,0.7235368355084124
tau_bench,15,22,react_capped,0.9620239133856678,45.23588054013996,43.02569624058856,10,1,0,0.9660823089012012,0.004058395515533331
tau_bench,15,22,bwk_vanilla,0.43813221733514374,45.378290600161385,43.02569624058856,4,1,0,0.9660823089012012,0.5279500915660574
tau_bench,15,22,cbuc,0.9987546314608166,31.98043591230069,43.02569624058856,25,0,0,0.9660823089012012,-0.032672322559615385
tau_bench,15,22,cbuc_aggr,0.9997603910518964,41.85878313045332,43.02569624058856,35,0,0,0.9660823089012012,-0.03367808215069523
tau_bench,15,23,react_capped,0.8701805703434368,48.12466153496333,40.65404885551264,10,1,0,0.9748074742616992,0.10462690391826246
tau_bench,15,23,bwk_vanilla,0.9878755778951163,40.295666681916515,40.65404885551264,13,0,0,0.9748074742616992,-0.013068103633417039
tau_bench,15,23,cbuc,0.9999998386320783,27.158166917714762,40.65404885551264,23,0,0,0.9748074742616992,-0.025192364370379083
tau_bench,15,23,cbuc_aggr,0.9999999609693139,37.22212954071435,40.65404885551264,25,0,0,0.9748074742616992,-0.025192486707614647
tau_bench,15,24,react_capped,0.902291908592376,56.74449847675554,53.91876566896286,9,1,0,0.9633312534293516,0.061039344836975595
tau_bench,15,24,bwk_vanilla,0.8335102123422327,57.712801131190176,53.91876566896286,10,1,0,0.9633312534293516,0.1298210410871189
tau_bench,15,24,cbuc,0.9799204649794534,34.558398522151926,53.91876566896286,13,0,0,0.9633312534293516,-0.016589211550101846
tau_bench,15,24,cbuc_aggr,0.9799248674445517,24.776761012225016,53.91876566896286,11,0,0,0.9633312534293516,-0.016593614015200098
tau_bench,15,25,react_capped,0.9433428906928321,48.26270122032383,42.299218638937944,12,1,0,0.9833545451977389,0.040011654504906846
tau_bench,15,25,bwk_vanilla,0.972628830042417,41.92916918741637,42.299218638937944,8,0,0,0.9833545451977389,0.010725715155321947
tau_bench,15,25,cbuc,0.9999970785094223,28.2933039135307,42.299218638937944,21,0,0,0.9833545451977389,-0.016642533311683416
tau_bench,15,25,cbuc_aggr,0.9999998931113382,40.09681618084152,42.299218638937944,27,0,0,0.9833545451977389,-0.016645347913599284
tau_bench,15,26,react_capped,0.9138067882528437,55.26000543427166,43.8302814330401,10,1,0,0.9283943321478669,0.014587543895023258
tau_bench,15,26,bwk_vanilla,0.769432979955827,43.73403199552413,43.8302814330401,7,0,0,0.9283943321478669,0.15896135219203988
tau_bench,15,26,cbuc,0.3102994103268958,21.448367552018432,43.8302814330401,6,0,0,0.9283943321478669,0.6180949218209711
tau_bench,15,26,cbuc_aggr,0.8784492804216628,39.98876456960618,43.8302814330401,15,0,0,0.9283943321478669,0.049945051726204115
tau_bench,15,27,react_capped,0.9488364583325043,37.79830504007373,35.93594340959997,9,1,0,0.9661501915148668,0.017313733182362512
tau_bench,15,27,bwk_vanilla,0.6280389933678086,35.15381022978373,35.93594340959997,7,0,0,0.9661501915148668,0.33811119814705826
tau_bench,15,27,cbuc,0.976649599236807,26.047397361806006,35.93594340959997,16,0,0,0.9661501915148668,-0.010499407721940246
tau_bench,15,27,cbuc_aggr,0.9133634620436593,33.720257982979376,35.93594340959997,17,0,0,0.9661501915148668,0.05278672947120755
tau_bench,15,28,react_capped,0.5022478955392033,50.03086361375779,43.983204501293486,10,1,0,0.9574408880274813,0.45519299248827794
tau_bench,15,28,bwk_vanilla,0.8011368196126398,44.53775442967411,43.983204501293486,6,1,0,0.9574408880274813,0.15630406841484146
tau_bench,15,28,cbuc,0.9997889575604822,19.248233245579303,43.983204501293486,13,0,0,0.9574408880274813,-0.042348069533000965
tau_bench,15,28,cbuc_aggr,0.9992602867884064,30.62193344324966,43.983204501293486,17,0,0,0.9574408880274813,-0.04181939876092511
tau_bench,15,29,react_capped,0.9180493988457159,50.3395879996713,47.980054515124735,8,1,0,0.8816222003467152,-0.03642719849900067
tau_bench,15,29,bwk_vanilla,0.676716594729553,47.41371585065351,47.980054515124735,7,0,0,0.8816222003467152,0.2049056056171622
tau_bench,15,29,cbuc,0.06018717875572854,10.611452026250142,47.980054515124735,6,0,0,0.8816222003467152,0.8214350215909867
tau_bench,15,29,cbuc_aggr,0.26761924249380664,10.008866628840796,47.980054515124735,6,0,0,0.8816222003467152,0.6140029578529086
tau_bench,15,30,react_capped,0.8149143057621211,39.293600561337286,38.79475367170346,8,1,0,0.9144340190023222,0.09951971324020115
tau_bench,15,30,bwk_vanilla,0.5677566370996819,43.938271872837866,38.79475367170346,4,1,0,0.9144340190023222,0.3466773819026403
tau_bench,15,30,cbuc,0.9997767097585025,22.96486922321094,38.79475367170346,23,0,0,0.9144340190023222,-0.08534269075618028
tau_bench,15,30,cbuc_aggr,0.999937623202749,27.663319532114812,38.79475367170346,24,0,0,0.9144340190023222,-0.0855036042004268
tau_bench,15,31,react_capped,0.9436633716079665,54.98939639225743,49.26436548798729,8,1,0,0.9617503665035466,0.018086994895580077
tau_bench,15,31,bwk_vanilla,0.7545797418900279,49.55974600485361,49.26436548798729,6,1,0,0.9617503665035466,0.20717062461351876
tau_bench,15,31,cbuc,0.03316853105915463,8.936619447107747,49.26436548798729,6,0,0,0.9617503665035466,0.928581835444392
tau_bench,15,31,cbuc_aggr,0.07724355746093015,8.12319977270009,49.26436548798729,6,0,0,0.9617503665035466,0.8845068090426165
tau_bench,15,32,react_capped,0.7867010887380821,70.08230198382006,59.119938000115596,11,1,0,0.923598027357526,0.13689693861944396
tau_bench,15,32,bwk_vanilla,0.7886228495579798,58.28717482596159,59.119938000115596,10,0,0,0.923598027357526,0.13497517779954626
tau_bench,15,32,cbuc,0.040902251310750204,20.160735018333117,59.119938000115596,6,0,0,0.923598027357526,0.8826957760467758
tau_bench,15,32,cbuc_aggr,0.2572184886063382,47.313209187316566,59.119938000115596,6,0,0,0.923598027357526,0.6663795387511878
tau_bench,15,33,react_capped,0.9491109586093283,37.232550100522964,36.76955640125964,11,1,0,0.9736393925633624,0.024528433954034146
tau_bench,15,33,bwk_vanilla,0.9817707945031916,37.75270980684313,36.76955640125964,9,1,0,0.9736393925633624,-0.008131401939829197
tau_bench,15,33,cbuc,0.9999848557558435,27.29080722374981,36.76955640125964,17,0,0,0.9736393925633624,-0.0263454631924811
tau_bench,15,33,cbuc_aggr,0.9999998843432368,35.24120608077144,36.76955640125964,24,0,0,0.9736393925633624,-0.02636049177987443
tau_bench,15,34,react_capped,0.9637603821548135,50.3593579713706,47.884125402147234,12,1,0,0.9769793526840651,0.013218970529251584
tau_bench,15,34,bwk_vanilla,0.8189571177361389,54.8997978993378,47.884125402147234,3,1,0,0.9769793526840651,0.15802223494792622
tau_bench,15,34,cbuc,0.16664906944994506,7.800105537975933,47.884125402147234,6,0,0,0.9769793526840651,0.81033028323412
tau_bench,15,34,cbuc_aggr,0.08030512399532108,5.9929708351699915,47.884125402147234,6,0,0,0.9769793526840651,0.896674228688744
tau_bench,15,35,react_capped,0.6926903127172457,54.763713812529105,48.18726725439237,9,1,0,0.8054296094295391,0.11273929671229344
tau_bench,15,35,bwk_vanilla,0.569080182320042,48.2343026226358,48.18726725439237,9,1,0,0.8054296094295391,0.23634942710949713
tau_bench,15,35,cbuc,0.14687546914134364,7.812993899606893,48.18726725439237,6,0,0,0.8054296094295391,0.6585541402881955
tau_bench,15,35,cbuc_aggr,0.6621551095665548,23.806266712331066,48.18726725439237,14,0,0,0.8054296094295391,0.14327449986298435
tau_bench,15,36,react_capped,0.6652305154805456,55.415861888712925,49.66019500122342,11,1,0,0.9225639912058654,0.25733347572531984
tau_bench,15,36,bwk_vanilla,0.9742702725201775,49.23111789831687,49.66019500122342,13,0,0,0.9225639912058654,-0.0517062813143121
tau_bench,15,36,cbuc,0.9902689195125756,37.23095959717916,49.66019500122342,24,0,0,0.9225639912058654,-0.06770492830671015
tau_bench,15,36,cbuc_aggr,0.9997552280048547,48.13209172087542,49.66019500122342,39,0,0,0.9225639912058654,-0.07719123679898932
tau_bench,15,37,react_capped,0.8713777498811727,50.8401446893624,50.811960198594505,9,1,0,0.9253268590562214,0.05394910917504869
tau_bench,15,37,bwk_vanilla,0.9236815897996912,55.33154443111647,50.811960198594505,11,1,0,0.9253268590562214,0.0016452692565301907
tau_bench,15,37,cbuc,0.9956905409695793,34.74706054293462,50.811960198594505,12,0,0,0.9253268590562214,-0.07036368191335796
tau_bench,15,37,cbuc_aggr,0.9999380104525066,23.760599983112755,50.811960198594505,13,0,0,0.9253268590562214,-0.07461115139628527
tau_bench,15,38,react_capped,0.3791816642745416,101.23349911902535,44.60123057145743,6,1,0,0.9499051126959828,0.5707234484214412
tau_bench,15,38,bwk_vanilla,0.8836082910751727,44.16013290212638,44.60123057145743,9,0,0,0.9499051126959828,0.06629682162081008
tau_bench,15,38,cbuc,0.9986038981521679,32.91760785369332,44.60123057145743,33,0,0,0.9499051126959828,-0.04869878545618511
tau_bench,15,38,cbuc_aggr,0.9995966165062216,34.26259391503758,44.60123057145743,35,0,0,0.9499051126959828,-0.04969150381023879
tau_bench,15,39,react_capped,0.9402794835501385,55.127091489263805,45.406521454596025,11,1,0,0.9365782035960208,-0.00370127995411762
tau_bench,15,39,bwk_vanilla,0.4178884385934334,53.944702019235265,45.406521454596025,5,1,0,0.9365782035960208,0.5186897650025875
tau_bench,15,39,cbuc,0.8870700665849388,31.915366698919435,45.406521454596025,9,0,0,0.9365782035960208,0.04950813701108203
tau_bench,15,39,cbuc_aggr,0.9299534207852682,41.99127750667929,45.406521454596025,10,0,0,0.9365782035960208,0.006624782810752627
tau_bench,15,40,react_capped,0.7836328948722673,45.49079793478294,42.130332297250575,7,1,0,0.9781170327273541,0.19448413785508678
tau_bench,15,40,bwk_vanilla,0.9728115085022985,42.544989324510425,42.130332297250575,10,1,0,0.9781170327273541,0.005305524225055591
tau_bench,15,40,cbuc,0.9544643840956211,29.776173966100878,42.130332297250575,6,0,0,0.9781170327273541,0.023652648631732998
tau_bench,15,40,cbuc_aggr,0.9983619631163065,25.613270628259954,42.130332297250575,11,0,0,0.9781170327273541,-0.020244930388952476
tau_bench,15,41,react_capped,0.9089204806050106,43.00953459613751,38.496894808303416,12,1,0,0.9336956971362184,0.024775216531207733
tau_bench,15,41,bwk_vanilla,0.8287973815509767,37.55632052296329,38.496894808303416,8,0,0,0.9336956971362184,0.10489831558524165
tau_bench,15,41,cbuc,0.9991540572424528,28.287938177602566,38.496894808303416,21,0,0,0.9336956971362184,-0.0654583601062344
tau_bench,15,41,cbuc_aggr,0.9999476172641676,37.036664265309746,38.496894808303416,26,0,0,0.9336956971362184,-0.06625192012794923
tau_bench,15,42,react_capped,0.7717244034871452,48.05457404967754,44.94495627438954,10,1,0,0.9561160685171461,0.18439166503000093
tau_bench,15,42,bwk_vanilla,0.9505274814595043,45.12377559149555,44.94495627438954,10,1,0,0.9561160685171461,0.0055885870576418695
tau_bench,15,42,cbuc,0.9993952039825142,13.447267043303595,44.94495627438954,12,0,0,0.9561160685171461,-0.0432791354653681
tau_bench,15,42,cbuc_aggr,0.9998791168106332,21.068473500486654,44.94495627438954,15,0,0,0.9561160685171461,-0.043763048293487095
tau_bench,15,43,react_capped,0.8210619538251943,47.62116008349399,47.53429072159878,8,1,0,0.9292707522710996,0.10820879844590525
tau_bench,15,43,bwk_vanilla,0.8769012775982935,50.37997014785742,47.53429072159878,8,1,0,0.9292707522710996,0.05236947467280606
tau_bench,15,43,cbuc,0.9999869677744618,35.4918386391298,47.53429072159878,21,0,0,0.9292707522710996,-0.07071621550336227
tau_bench,15,43,cbuc_aggr,0.9999999854936469,46.99639666088206,47.53429072159878,29,0,0,0.9292707522710996,-0.07072923322254732
tau_bench,15,44,react_capped,0.46858159044095127,49.07230206310622,45.56528190754448,9,1,0,0.8903283363915564,0.42174674595060513
tau_bench,15,44,bwk_vanilla,0.8454109234984255,56.858106444476334,45.56528190754448,9,1,0,0.8903283363915564,0.04491741289313089
tau_bench,15,44,cbuc,0.9999995193577799,34.89941027158788,45.56528190754448,27,0,0,0.8903283363915564,-0.10967118296622347
tau_bench,15,44,cbuc_aggr,0.9998517527482997,43.55963445753805,45.56528190754448,23,0,0,0.8903283363915564,-0.10952341635674334
tau_bench,15,45,react_capped,0.7475743856393686,38.83474460078078,38.26247142367594,10,1,0,0.9726190191845913,0.22504463354522264
tau_bench,15,45,bwk_vanilla,0.9599467952812158,37.8389993863445,38.26247142367594,11,0,0,0.9726190191845913,0.012672223903375412
tau_bench,15,45,cbuc,0.9996759462819286,15.860353111917332,38.26247142367594,13,0,0,0.9726190191845913,-0.027056927097337313
tau_bench,15,45,cbuc_aggr,0.9998874711258613,20.228227125195968,38.26247142367594,14,0,0,0.9726190191845913,-0.027268451941270033
tau_bench,15,46,react_capped,0.8307852164871883,51.86646975052756,49.73816776756121,11,1,0,0.9444476577701357,0.11366244128294745
tau_bench,15,46,bwk_vanilla,0.982640760352333,49.56917369371078,49.73816776756121,12,0,0,0.9444476577701357,-0.038193102582197325
tau_bench,15,46,cbuc,0.9999998693691868,38.46374984578308,49.73816776756121,27,0,0,0.9444476577701357,-0.055552211599051105
tau_bench,15,46,cbuc_aggr,0.9999999997899232,47.047540495106176,49.73816776756121,34,0,0,0.9444476577701357,-0.055552342019787426
tau_bench,15,47,react_capped,0.8305503265565695,44.32552765623073,42.865561448215985,9,1,0,0.939316259023349,0.10876593246677957
tau_bench,15,47,bwk_vanilla,0.8851957792094507,42.38808326692274,42.865561448215985,10,0,0,0.939316259023349,0.05412047981389834
tau_bench,15,47,cbuc,0.9998617580060267,30.752299111339116,42.865561448215985,20,0,0,0.939316259023349,-0.06054549898267769
tau_bench,15,47,cbuc_aggr,0.9993497156562219,28.749841112270985,42.865561448215985,17,0,0,0.939316259023349,-0.06003345663287285
tau_bench,15,48,react_capped,0.8596132883479588,49.05197841887011,40.582867021372486,7,1,0,0.9509454178227856,0.09133212947482683
tau_bench,15,48,bwk_vanilla,0.9637192123941065,40.96837095628148,40.582867021372486,13,1,0,0.9509454178227856,-0.012773794571320884
tau_bench,15,48,cbuc,0.997276241944899,34.329283783702664,40.582867021372486,15,0,0,0.9509454178227856,-0.04633082412211331
tau_bench,15,48,cbuc_aggr,0.9991162994062232,39.52654467404757,40.582867021372486,19,0,0,0.9509454178227856,-0.04817088158343752
tau_bench,15,49,react_capped,0.9703384798396251,59.09246670956978,53.84777518428604,11,1,0,0.9706569862916211,0.0003185064519960479
tau_bench,15,49,bwk_vanilla,0.5542613427886038,57.33306476736493,53.84777518428604,6,1,0,0.9706569862916211,0.4163956435030173
tau_bench,15,49,cbuc,0.7095409739817085,12.656042480348036,53.84777518428604,9,0,0,0.9706569862916211,0.26111601230991266
tau_bench,15,49,cbuc_aggr,0.6968818994672328,24.553553070300996,53.84777518428604,12,0,0,0.9706569862916211,0.27377508682438834
bfcl_subset,40,0,react_capped,0.5210418473059124,31.268589690048472,23.46699140680422,5,1,0,0.9173042198574568,0.3962623725515444
bfcl_subset,40,0,bwk_vanilla,0.26568313225267337,23.33205824743545,23.46699140680422,7,0,0,0.9173042198574568,0.6516210876047834
bfcl_subset,40,0,cbuc,0.7974555610477714,13.81242937430454,23.46699140680422,9,0,0,0.9173042198574568,0.11984865880968543
bfcl_subset,40,0,cbuc_aggr,0.9464603643891428,21.27221083700435,23.46699140680422,13,0,0,0.9173042198574568,-0.029156144531686023
bfcl_subset,40,1,react_capped,0.28659197121304414,19.546890224428697,19.095338537900922,6,1,0,0.8930327769423907,0.6064408057293466
bfcl_subset,40,1,bwk_vanilla,0.4022058432045895,19.559907074402403,19.095338537900922,9,1,0,0.8930327769423907,0.4908269337378012
bfcl_subset,40,1,cbuc,0.29270309686804663,9.525152120314194,19.095338537900922,6,0,0,0.8930327769423907,0.6003296800743441
bfcl_subset,40,1,cbuc_aggr,0.1467429137001699,10.383937820899998,19.095338537900922,6,0,0,0.8930327769423907,0.7462898632422208
bfcl_subset,40,2,react_capped,0.4533961870851886,20.694275188420328,19.892942769582817,4,1,0,0.9518671453097832,0.49847095822459464
bfcl_subset,40,2,bwk_vanilla,0.6455098712667033,19.29537259343645,19.892942769582817,6,0,0,0.9518671453097832,0.3063572740430799
bfcl_subset,40,2,cbuc,0.7951438995150526,11.526431622033948,19.892942769582817,8,0,0,0.9518671453097832,0.15672324579473063
bfcl_subset,40,2,cbuc_aggr,0.9137528922606157,23.172592489419685,19.892942769582817,15,1,0,0.9518671453097832,0.03811425304916749
bfcl_subset,40,3,react_capped,0.769687915471007,29.695879179962372,25.469905823810535,6,1,0,0.8203252686060806,0.05063735313507356
bfcl_subset,40,3,bwk_vanilla,0.39507538503101547,29.372035992240505,25.469905823810535,4,1,0,0.8203252686060806,0.4252498835750651
bfcl_subset,40,3,cbuc,0.2779736208202267,10.001309096878549,25.469905823810535,6,0,0,0.8203252686060806,0.5423516477858539
bfcl_subset,40,3,cbuc_aggr,0.4848062213761486,29.323998514726036,25.469905823810535,7,1,0,0.8203252686060806,0.335519047229932
bfcl_subset,40,4,react_capped,0.47200822231071893,22.07011824736357,20.75051800505284,6,1,0,0.9408634848814236,0.46885526257070465
bfcl_subset,40,4,bwk_vanilla,0.34460480096501256,21.668575723084007,20.75051800505284,7,1,0,0.9408634848814236,0.596258683916411
bfcl_subset,40,4,cbuc,0.8028007633114566,12.048403984238677,20.75051800505284,10,0,0,0.9408634848814236,0.13806272156996702
bfcl_subset,40,4,cbuc_aggr,0.9419932665082547,19.469046673128453,20.75051800505284,12,0,0,0.9408634848814236,-0.0011297816268310834
bfcl_subset,40,5,react_capped,0.7056572354985271,25.97714712376622,22.711996202682993,6,1,0,0.8903411650506323,0.18468392955210522
bfcl_subset,40,5,bwk_vanilla,0.1323610889564859,23.342247788279877,22.711996202682993,6,1,0,0.8903411650506323,0.7579800760941464
bfcl_subset,40,5,cbuc,0.9881813760074201,12.73123286328778,22.711996202682993,8,0,0,0.8903411650506323,-0.09784021095678774
bfcl_subset,40,5,cbuc_aggr,0.9995061370859328,20.631248035215663,22.711996202682993,15,0,0,0.8903411650506323,-0.10916497203530051
bfcl_subset,40,6,react_capped,0.837977994619101,20.455661346433423,19.55367215283162,5,1,0,0.9595157213571626,0.12153772673806151
bfcl_subset,40,6,bwk_vanilla,0.6838048151429825,19.936691237984416,19.55367215283162,6,1,0,0.9595157213571626,0.27571090621418004
bfcl_subset,40,6,cbuc,0.9894485327538286,14.185588115649415,19.55367215283162,9,0,0,0.9595157213571626,-0.029932811396666037
bfcl_subset,40,6,cbuc_aggr,0.9794726370089755,16.898618412238882,19.55367215283162,9,0,0,0.9595157213571626,-0.0199569156518129
bfcl_subset,40,7,react_capped,0.3328374310979918,21.619504024498415,20.308424779491773,7,1,0,0.8179389699925393,0.48510153889454755
bfcl_subset,40,7,bwk_vanilla,0.0,21.182684181396596,20.308424779491773,2,1,0,0.8179389699925393,0.8179389699925393
bfcl_subset,40,7,cbuc,0.1438059300867104,9.986818884235836,20.308424779491773,6,0,0,0.8179389699925393,0.674133039905829
bfcl_subset,40,7,cbuc_aggr,0.07613145091438722,9.289629477176668,20.308424779491773,6,0,0,0.8179389699925393,0.7418075190781521
bfcl_subset,40,8,react_capped,0.10227201978489264,23.935956894061228,23.326970935395767,4,1,0,0.8387757577337046,0.736503737948812
bfcl_subset,40,8,bwk_vanilla,0.3351920753205704,22.50673073649734,23.326970935395767,6,0,0,0.8387757577337046,0.5035836824131342
bfcl_subset,40,8,cbuc,0.21972282436635127,7.0298171328086045,23.326970935395767,6,0,0,0.8387757577337046,0.6190529333673533
bfcl_subset,40,8,cbuc_aggr,0.20511550828401126,6.139956616608419,23.326970935395767,6,0,0,0.8387757577337046,0.6336602494496933
bfcl_subset,40,9,react_capped,0.0888419436409883,22.984600645815753,22.090372335921916,4,1,0,0.857258033297583,0.7684160896565947
bfcl_subset,40,9,bwk_vanilla,0.05175701747329653,21.56118830721115,22.090372335921916,6,0,0,0.857258033297583,0.8055010158242865
bfcl_subset,40,9,cbuc,0.35065234671909307,11.1650007475507,22.090372335921916,10,0,0,0.857258033297583,0.5066056865784899
bfcl_subset,40,9,cbuc_aggr,0.15950296549962606,7.614264225204487,22.090372335921916,6,0,0,0.857258033297583,0.6977550677979569
bfcl_subset,40,10,react_capped,0.6225680688387998,25.924335688678454,22.225281922386532,6,1,0,0.8470769418144944,0.22450887297569466
bfcl_subset,40,10,bwk_vanilla,0.19156587755448606,21.900551046342784,22.225281922386532,5,0,0,0.8470769418144944,0.6555110642600084
bfcl_subset,40,10,cbuc,0.1393805116193687,9.823265475401795,22.225281922386532,6,0,0,0.8470769418144944,0.7076964301951257
bfcl_subset,40,10,cbuc_aggr,0.14291614849202017,7.545647610564441,22.225281922386532,6,0,0,0.8470769418144944,0.7041607933224743
bfcl_subset,40,11,react_capped,0.32656224731501027,55.770369494002935,22.483993163665552,3,1,0,0.8525209599447386,0.5259587126297284
bfcl_subset,40,11,bwk_vanilla,0.2206502077938437,22.95548381230849,22.483993163665552,4,1,0,0.8525209599447386,0.6318707521508949
bfcl_subset,40,11,cbuc,0.6484230272875778,13.532924069192857,22.483993163665552,10,0,0,0.8525209599447386,0.2040979326571608
bfcl_subset,40,11,cbuc_aggr,0.5574768914287624,20.41616722919819,22.483993163665552,12,0,0,0.8525209599447386,0.2950440685159762
bfcl_subset,40,12,react_capped,0.44820345986828725,34.27131761313263,20.895741082141875,7,1,0,0.926579339954449,0.4783758800861617
bfcl_subset,40,12,bwk_vanilla,0.5717855488242676,22.348067612033255,20.895741082141875,3,1,0,0.926579339954449,0.3547937911301814
bfcl_subset,40,12,cbuc,0.965353467304708,12.510017213879514,20.895741082141875,12,0,0,0.926579339954449,-0.03877412735025898
bfcl_subset,40,12,cbuc_aggr,0.9942045370826443,19.177945668243336,20.895741082141875,15,0,0,0.926579339954449,-0.06762519712819537
bfcl_subset,40,13,react_capped,0.5663050750472818,45.18022297503563,23.441390937650475,4,1,0,0.911637721901112,0.34533264685383025
bfcl_subset,40,13,bwk_vanilla,0.03164662182917055,47.22922543139037,23.441390937650475,2,1,0,0.911637721901112,0.8799911000719415
bfcl_subset,40,13,cbuc,0.3645015234052734,13.753486286475528,23.441390937650475,6,0,0,0.911637721901112,0.5471361984958386
bfcl_subset,40,13,cbuc_aggr,0.44024127559926607,15.477934609087832,23.441390937650475,8,0,0,0.911637721901112,0.47139644630184596
bfcl_subset,40,14,react_capped,0.3448139303724035,23.471049675395047,22.156112829684233,5,1,0,0.9360607973419923,0.5912468669695888
bfcl_subset,40,14,bwk_vanilla,0.6706157401713024,25.969580835447537,22.156112829684233,6,1,0,0.9360607973419923,0.2654450571706899
bfcl_subset,40,14,cbuc,0.7678110309647916,12.640836421645679,22.156112829684233,10,0,0,0.9360607973419923,0.16824976637720068
bfcl_subset,40,14,cbuc_aggr,0.9569857665045391,20.33933419024129,22.156112829684233,13,0,0,0.9360607973419923,-0.020924969162546825
bfcl_subset,40,15,react_capped,0.6164328842296445,28.09607282402221,19.771973045498722,8,1,0,0.8527447300285094,0.23631184579886488
bfcl_subset,40,15,bwk_vanilla,0.22282415555524515,22.038442331819365,19.771973045498722,6,1,0,0.8527447300285094,0.6299205744732642
bfcl_subset,40,15,cbuc,0.0013975756803670247,11.691114015030905,19.771973045498722,5,0,0,0.8527447300285094,0.8513471543481423
bfcl_subset,40,15,cbuc_aggr,0.08448150589109016,9.217644648301654,19.771973045498722,6,0,0,0.8527447300285094,0.7682632241374192
bfcl_subset,40,16,react_capped,0.558644556686775,22.820018083142067,22.727475236928083,4,1,0,0.9036282367613069,0.34498368007453184
bfcl_subset,40,16,bwk_vanilla,0.6338600782163916,22.886272561918467,22.727475236928083,6,1,0,0.9036282367613069,0.2697681585449153
bfcl_subset,40,16,cbuc,0.31415194811282554,12.722238766214762,22.727475236928083,8,0,0,0.9036282367613069,0.5894762886484813
bfcl_subset,40,16,cbuc_aggr,0.06061922697938815,7.348696651801747,22.727475236928083,6,0,0,0.9036282367613069,0.8430090097819187
bfcl_subset,40,17,react_capped,0.45844152107359826,25.579753201303696,20.459333294967074,5,1,0,0.925996465784483,0.46755494471088477
bfcl_subset,40,17,bwk_vanilla,0.0,23.739256523031415,20.459333294967074,1,1,0,0.925996465784483,0.925996465784483
bfcl_subset,40,17,cbuc,0.9993447088057371,17.575098543754116,20.459333294967074,11,0,0,0.925996465784483,-0.07334824302125409
bfcl_subset,40,17,cbuc_aggr,0.9891861726459712,18.25841119885304,20.459333294967074,8,0,0,0.925996465784483,-0.06318970686148817
bfcl_subset,40,18,react_capped,0.13606207590343322,23.010324257054677,22.494986555655778,5,1,0,0.8003091592544145,0.6642470833509813
bfcl_subset,40,18,bwk_vanilla,0.6402732598169577,21.98478426818492,22.494986555655778,6,0,0,0.8003091592544145,0.16003589943745677
bfcl_subset,40,18,cbuc,0.11947153211945705,7.317794100052527,22.494986555655778,6,0,0,0.8003091592544145,0.6808376271349574
bfcl_subset,40,18,cbuc_aggr,0.21008786411397207,7.007026270756113,22.494986555655778,6,0,0,0.8003091592544145,0.5902212951404424
bfcl_subset,40,19,react_capped,0.5303243474895664,25.53314688568656,19.904733266915365,5,1,0,0.8726772513970004,0.342352903907434
bfcl_subset,40,19,bwk_vanilla,0.5407668884940341,20.09140094322072,19.904733266915365,9,1,0,0.8726772513970004,0.33191036290296627
bfcl_subset,40,19,cbuc,0.0,7.434215652135339,19.904733266915365,6,0,0,0.8726772513970004,0.8726772513970004
bfcl_subset,40,19,cbuc_aggr,0.09341568698723823,5.4718757690561795,19.904733266915365,6,0,0,0.8726772513970004,0.7792615644097621
bfcl_subset,40,20,react_capped,0.15030493222448726,26.918265925501725,21.64122270847874,5,1,0,0.9030284277024242,0.7527234954779369
bfcl_subset,40,20,bwk_vanilla,0.7721564080513577,22.710192988433118,21.64122270847874,6,1,0,0.9030284277024242,0.13087201965106654
bfcl_subset,40,20,cbuc,0.2067096355629814,12.289202540524256,21.64122270847874,6,0,0,0.9030284277024242,0.6963187921394428
bfcl_subset,40,20,cbuc_aggr,0.11585775814261279,9.736672921410802,21.64122270847874,6,0,0,0.9030284277024242,0.7871706695598114
bfcl_subset,40,21,react_capped,0.19088110851014506,22.651024074523047,21.25819567813195,6,1,0,0.8422630990842619,0.6513819905741168
bfcl_subset,40,21,bwk_vanilla,0.6778109768152056,20.732677585480488,21.25819567813195,9,0,0,0.8422630990842619,0.16445212226905626
bfcl_subset,40,21,cbuc,0.42089891154659487,12.08490218447606,21.25819567813195,9,0,0,0.8422630990842619,0.421364187537667
bfcl_subset,40,21,cbuc_aggr,0.07121704449700639,8.215187984118552,21.25819567813195,6,0,0,0.8422630990842619,0.7710460545872555
bfcl_subset,40,22,react_capped,0.2670219467456846,24.176863558695764,22.08367465611729,8,1,0,0.8695547021304139,0.6025327553847293
bfcl_subset,40,22,bwk_vanilla,0.37644578205507884,22.051787384320463,22.08367465611729,6,0,0,0.8695547021304139,0.493108920075335
bfcl_subset,40,22,cbuc,0.31744970654523863,6.551613277013012,22.08367465611729,6,0,0,0.8695547021304139,0.5521049955851752
bfcl_subset,40,22,cbuc_aggr,0.26028570460003175,19.847023676515775,22.08367465611729,5,0,0,0.8695547021304139,0.6092689975303821
bfcl_subset,40,23,react_capped,0.5916326661449365,24.480876062631413,22.824439603522826,4,1,0,0.9312255593595284,0.33959289321459196
bfcl_subset,40,23,bwk_vanilla,0.7325167141638669,22.629759935129442,22.824439603522826,8,0,0,0.9312255593595284,0.19870884519566157
bfcl_subset,40,23,cbuc,0.8608399476430694,13.877916279504607,22.824439603522826,9,0,0,0.9312255593595284,0.07038561171645907
bfcl_subset,40,23,cbuc_aggr,0.9634294287093572,20.695242972566394,22.824439603522826,15,0,0,0.9312255593595284,-0.03220386934982877
bfcl_subset,40,24,react_capped,0.21668501910651206,24.35386762215345,22.43331282560705,3,1,0,0.7276762133020935,0.5109911941955815
bfcl_subset,40,24,bwk_vanilla,0.22817281637631315,28.674030203842236,22.43331282560705,7,1,0,0.7276762133020935,0.4995033969257804
bfcl_subset,40,24,cbuc,0.39736006612757735,12.990811701358314,22.43331282560705,9,0,0,0.7276762133020935,0.3303161471745162
bfcl_subset,40,24,cbuc_aggr,0.1874292406593271,8.566303533166096,22.43331282560705,6,0,0,0.7276762133020935,0.5402469726427664
bfcl_subset,40,25,react_capped,0.32242373180206396,23.038632690703537,22.105344713306618,5,1,0,0.9180405848530158,0.5956168530509518
bfcl_subset,40,25,bwk_vanilla,0.14152361428123328,22.167866705361018,22.105344713306618,6,1,0,0.9180405848530158,0.7765169705717825
bfcl_subset,40,25,cbuc,0.9773317550748364,14.018380285310705,22.105344713306618,12,0,0,0.9180405848530158,-0.05929117022182062
bfcl_subset,40,25,cbuc_aggr,0.9541317274072129,20.33800003238245,22.105344713306618,12,0,0,0.9180405848530158,-0.0360911425541971
bfcl_subset,40,26,react_capped,0.4994788625440224,34.50735627362674,19.16288713642561,3,1,0,0.8511955194117934,0.351716656867771
bfcl_subset,40,26,bwk_vanilla,0.11561586029276505,19.563186113404495,19.16288713642561,6,1,0,0.8511955194117934,0.7355796591190283
bfcl_subset,40,26,cbuc,0.5839058754397659,10.581216942851547,19.16288713642561,6,0,0,0.8511955194117934,0.2672896439720275
bfcl_subset,40,26,cbuc_aggr,0.8564452992182017,17.6069725519106,19.16288713642561,13,0,0,0.8511955194117934,-0.0052497798064082835
bfcl_subset,40,27,react_capped,0.14690399793013942,24.958924084716447,21.928792055006046,7,1,0,0.8343554179843813,0.6874514200542419
bfcl_subset,40,27,bwk_vanilla,0.0,25.299941435478935,21.928792055006046,2,1,0,0.8343554179843813,0.8343554179843813
bfcl_subset,40,27,cbuc,0.24649479436920652,10.779940738948309,21.928792055006046,6,0,0,0.8343554179843813,0.5878606236151748
bfcl_subset,40,27,cbuc_aggr,0.0,19.634892809443873,21.928792055006046,6,0,0,0.8343554179843813,0.8343554179843813
bfcl_subset,40,28,react_capped,0.7456554093793162,25.434568171732952,25.24599813408412,4,1,0,0.8499286611683143,0.10427325178899816
bfcl_subset,40,28,bwk_vanilla,0.16802575826179889,25.013413505705934,25.24599813408412,7,0,0,0.8499286611683143,0.6819029029065155
bfcl_subset,40,28,cbuc,0.09039009442540635,5.537804446455885,25.24599813408412,6,0,0,0.8499286611683143,0.759538566742908
bfcl_subset,40,28,cbuc_aggr,0.15569584553518945,8.038711304875273,25.24599813408412,6,0,0,0.8499286611683143,0.6942328156331249
bfcl_subset,40,29,react_capped,0.37916705320349364,27.957773078368962,21.08666989876345,6,1,0,0.912241323306771,0.5330742701032773
bfcl_subset,40,29,bwk_vanilla,0.37765498320232405,21.35576395733458,21.08666989876345,5,1,0,0.912241323306771,0.5345863401044469
bfcl_subset,40,29,cbuc,0.8759098172849675,12.041426941442042,21.08666989876345,8,0,0,0.912241323306771,0.03633150602180346
bfcl_subset,40,29,cbuc_aggr,0.9288514943958287,18.859463430439334,21.08666989876345,10,0,0,0.912241323306771,-0.016610171089057713
bfcl_subset,40,30,react_capped,0.7611341404636466,21.153716261398245,20.02016385168999,4,1,0,0.9337409758069852,0.17260683534333865
bfcl_subset,40,30,bwk_vanilla,0.3197042381791936,19.414328322344975,20.02016385168999,6,0,0,0.9337409758069852,0.6140367376277917
bfcl_subset,40,30,cbuc,0.5558706092909235,11.034260826192106,20.02016385168999,8,0,0,0.9337409758069852,0.37787036651606176
bfcl_subset,40,30,cbuc_aggr,0.7880752069881211,17.09368065658392,20.02016385168999,11,0,0,0.9337409758069852,0.14566576881886417
bfcl_subset,40,31,react_capped,0.4410412404766948,31.347376734558665,23.150417594296187,4,1,0,0.8719910998767685,0.4309498594000737
bfcl_subset,40,31,bwk_vanilla,0.27488541802850786,51.203119390463435,23.150417594296187,1,1,0,0.8719910998767685,0.5971056818482606
bfcl_subset,40,31,cbuc,0.5285047248608817,15.087682947786346,23.150417594296187,6,0,0,0.8719910998767685,0.34348637501588675
bfcl_subset,40,31,cbuc_aggr,0.5837174367609026,21.09711005558893,23.150417594296187,13,0,0,0.8719910998767685,0.2882736631158659
bfcl_subset,40,32,react_capped,0.27877277116951216,29.44759351931242,24.17628243494531,4,1,0,0.7858428033738101,0.5070700322042979
bfcl_subset,40,32,bwk_vanilla,0.43351332049684055,23.67675771751786,24.17628243494531,5,0,0,0.7858428033738101,0.3523294828769695
bfcl_subset,40,32,cbuc,0.5032425861725423,14.444829497317663,24.17628243494531,9,0,0,0.7858428033738101,0.2826002172012678
bfcl_subset,40,32,cbuc_aggr,0.27505292842008455,16.87446403324017,24.17628243494531,11,0,0,0.7858428033738101,0.5107898749537255
bfcl_subset,40,33,react_capped,0.025823350149172253,34.032825025093736,22.382079686393574,1,1,0,0.857973137193671,0.8321497870444987
bfcl_subset,40,33,bwk_vanilla,0.19891139425600368,23.505680367427164,22.382079686393574,6,1,0,0.857973137193671,0.6590617429376673
bfcl_subset,40,33,cbuc,0.8073082778579841,14.502894449651173,22.382079686393574,8,0,0,0.857973137193671,0.050664859335686874
bfcl_subset,40,33,cbuc_aggr,0.9909689507191043,20.818555226947993,22.382079686393574,16,0,0,0.857973137193671,-0.13299581352543333
bfcl_subset,40,34,react_capped,0.08894820689352578,22.09238081395877,21.92575180273858,3,1,0,0.9089084336807689,0.8199602267872431
bfcl_subset,40,34,bwk_vanilla,0.6597001770709212,26.123967820617985,21.92575180273858,6,1,0,0.9089084336807689,0.2492082566098477
bfcl_subset,40,34,cbuc,0.7393799411386196,18.248113615663335,21.92575180273858,8,0,0,0.9089084336807689,0.1695284925421493
bfcl_subset,40,34,cbuc_aggr,0.8054884981947306,19.43056701074291,21.92575180273858,10,0,0,0.9089084336807689,0.10341993548603834
bfcl_subset,40,35,react_capped,0.0514793064961,26.360543200923654,21.721379426490472,4,1,0,0.9577688605227187,0.9062895540266187
bfcl_subset,40,35,bwk_vanilla,0.2306912967073762,21.428957676953157,21.721379426490472,5,0,0,0.9577688605227187,0.7270775638153425
bfcl_subset,40,35,cbuc,0.19540191562505493,10.649242372293475,21.721379426490472,6,0,0,0.9577688605227187,0.7623669448976638
bfcl_subset,40,35,cbuc_aggr,0.2023002778970664,7.973878638522635,21.721379426490472,6,0,0,0.9577688605227187,0.7554685826256523
bfcl_subset,40,36,react_capped,0.5459247759128293,22.248469040143647,21.365838001794224,5,1,0,0.9154971464745855,0.3695723705617562
bfcl_subset,40,36,bwk_vanilla,0.4583044608989313,21.198642652761453,21.365838001794224,5,0,0,0.9154971464745855,0.4571926855756542
bfcl_subset,40,36,cbuc,0.9376882113684888,12.812300441482442,21.365838001794224,7,0,0,0.9154971464745855,-0.022191064893903323
bfcl_subset,40,36,cbuc_aggr,0.9767576629605245,19.51724413169218,21.365838001794224,11,0,0,0.9154971464745855,-0.061260516485939
bfcl_subset,40,37,react_capped,0.12465074947624488,29.0615007213121,26.15583703235952,5,1,0,0.6458871964273206,0.5212364469510757
bfcl_subset,40,37,bwk_vanilla,0.2858648884575329,25.483321246403392,26.15583703235952,5,0,0,0.6458871964273206,0.36002230796978774
bfcl_subset,40,37,cbuc,0.31945336293000215,6.556949432034954,26.15583703235952,6,0,0,0.6458871964273206,0.32643383349731847
bfcl_subset,40,37,cbuc_aggr,0.10160876668328489,7.532954216863352,26.15583703235952,6,0,0,0.6458871964273206,0.5442784297440357
bfcl_subset,40,38,react_capped,0.0,22.653193340849434,22.24706431811413,3,1,0,0.9072109631719741,0.9072109631719741
bfcl_subset,40,38,bwk_vanilla,0.738196700096799,28.719394539892917,22.24706431811413,7,1,0,0.9072109631719741,0.1690142630751751
bfcl_subset,40,38,cbuc,0.29451394771398764,7.135237496146483,22.24706431811413,6,0,0,0.9072109631719741,0.6126970154579865
bfcl_subset,40,38,cbuc_aggr,0.5001576324420962,19.91863659392719,22.24706431811413,7,0,0,0.9072109631719741,0.4070533307298779
bfcl_subset,40,39,react_capped,0.04773516294344882,28.875916152388456,21.299831484335954,5,1,0,0.7748709585994977,0.7271357956560489
bfcl_subset,40,39,bwk_vanilla,0.3314761955927289,24.572604952972995,21.299831484335954,5,1,0,0.7748709585994977,0.44339476300676883
bfcl_subset,40,39,cbuc,0.7672090077140032,23.23772638659279,21.299831484335954,4,1,0,0.7748709585994977,0.007661950885494484
bfcl_subset,40,39,cbuc_aggr,0.4995763278413191,19.319189569430346,21.299831484335954,4,0,0,0.7748709585994977,0.2752946307581786
bfcl_subset,40,40,react_capped,0.6177782711647268,30.252472087472142,23.885043478287464,4,1,0,0.8904213829180438,0.272643111753317
bfcl_subset,40,40,bwk_vanilla,0.48810048653079063,23.939432863181217,23.885043478287464,7,1,0,0.8904213829180438,0.4023208963872532
bfcl_subset,40,40,cbuc,0.9623883132252328,14.277562497731907,23.885043478287464,11,0,0,0.8904213829180438,-0.07196693030718893
bfcl_subset,40,40,cbuc_aggr,0.9562238082667228,22.317040956592933,23.885043478287464,17,0,0,0.8904213829180438,-0.06580242534867897
bfcl_subset,40,41,react_capped,0.2886793628703763,26.434940050457417,23.150105286320745,5,1,0,0.8813066002364084,0.5926272373660321
bfcl_subset,40,41,bwk_vanilla,0.6509949118694414,25.900134816126823,23.150105286320745,5,1,0,0.8813066002364084,0.23031168836696703
bfcl_subset,40,41,cbuc,0.5542912577717267,13.687366666027156,23.150105286320745,6,0,0,0.8813066002364084,0.32701534246468167
bfcl_subset,40,41,cbuc_aggr,0.7960356707270629,21.05673741740696,23.150105286320745,12,0,0,0.8813066002364084,0.08527092950934545
bfcl_subset,40,42,react_capped,0.3339032658568223,28.87090698319492,26.28103994150903,6,1,0,0.8891178640448069,0.5552145981879846
bfcl_subset,40,42,bwk_vanilla,0.23910053109727147,26.011762449895237,26.28103994150903,8,0,0,0.8891178640448069,0.6500173329475354
bfcl_subset,40,42,cbuc,0.12723380914040283,6.542234912678107,26.28103994150903,6,0,0,0.8891178640448069,0.761884054904404
bfcl_subset,40,42,cbuc_aggr,0.747232366894255,24.47704709181085,26.28103994150903,16,0,0,0.8891178640448069,0.14188549715055188
bfcl_subset,40,43,react_capped,0.7194363148257306,28.91231711171126,24.596148107121152,5,1,0,0.9221239023640739,0.20268758753834337
bfcl_subset,40,43,bwk_vanilla,0.5233010704973391,24.226003738503383,24.596148107121152,8,0,0,0.9221239023640739,0.39882283186673484
bfcl_subset,40,43,cbuc,0.07012712960834688,9.144689097105509,24.596148107121152,6,0,0,0.9221239023640739,0.851996772755727
bfcl_subset,40,43,cbuc_aggr,0.33778032815130277,6.16068256456575,24.596148107121152,6,0,0,0.9221239023640739,0.5843435742127712
bfcl_subset,40,44,react_capped,0.6387476110991557,21.858867962323593,21.438285144870093,4,1,0,0.8723772428988272,0.23362963179967156
bfcl_subset,40,44,bwk_vanilla,0.4919287725683277,21.90235433502697,21.438285144870093,6,1,0,0.8723772428988272,0.38044847033049956
bfcl_subset,40,44,cbuc,0.3372208669106773,7.522448004147199,21.438285144870093,6,0,0,0.8723772428988272,0.5351563759881499
bfcl_subset,40,44,cbuc_aggr,0.3103025055069948,8.346139993471443,21.438285144870093,7,0,0,0.8723772428988272,0.5620747373918324
bfcl_subset,40,45,react_capped,0.46077686268901863,27.104051097756955,23.655031728522477,5,1,0,0.9165067541092853,0.45572989142026665
bfcl_subset,40,45,bwk_vanilla,0.540655651413092,28.70025688236653,23.655031728522477,5,1,0,0.9165067541092853,0.37585110269619326
bfcl_subset,40,45,cbuc,0.6937013971683132,14.459702639891715,23.655031728522477,9,0,0,0.9165067541092853,0.22280535694097203
bfcl_subset,40,45,cbuc_aggr,0.5145010173046762,20.908113864837496,23.655031728522477,9,0,0,0.9165067541092853,0.40200573680460905
bfcl_subset,40,46,react_capped,0.07604700471153991,23.908421308544952,21.311302876900708,4,1,0,0.8776127834299144,0.8015657787183745
bfcl_subset,40,46,bwk_vanilla,0.4402596488051166,20.619576317757588,21.311302876900708,4,0,0,0.8776127834299144,0.43735313462479786
bfcl_subset,40,46,cbuc,0.09892136325489054,6.833621955537226,21.311302876900708,6,0,0,0.8776127834299144,0.7786914201750239
bfcl_subset,40,46,cbuc_aggr,0.2662041069576704,10.216105488864281,21.311302876900708,6,0,0,0.8776127834299144,0.6114086764722441
bfcl_subset,40,47,react_capped,0.3821127714714947,40.97293167669497,22.180150342955443,3,1,0,0.8976569476651992,0.5155441761937045
bfcl_subset,40,47,bwk_vanilla,0.20497021840523066,22.057819515725896,22.180150342955443,6,0,0,0.8976569476651992,0.6926867292599685
bfcl_subset,40,47,cbuc,0.09555778831784101,8.306312590299088,22.180150342955443,6,0,0,0.8976569476651992,0.8020991593473582
bfcl_subset,40,47,cbuc_aggr,0.26165260829248904,10.914937127264533,22.180150342955443,6,0,0,0.8976569476651992,0.6360043393727102
bfcl_subset,40,48,react_capped,0.21694133517420555,24.885670744588328,22.427859727829777,6,1,0,0.9290260793597742,0.7120847441855687
bfcl_subset,40,48,bwk_vanilla,0.5836556804171529,21.704457768318015,22.427859727829777,7,0,0,0.9290260793597742,0.34537039894262134
bfcl_subset,40,48,cbuc,0.957914290500681,13.931639263731817,22.427859727829777,10,0,0,0.9290260793597742,-0.028888211140906783
bfcl_subset,40,48,cbuc_aggr,0.9966310969650243,19.441144427032388,22.427859727829777,12,0,0,0.9290260793597742,-0.06760501760525006
bfcl_subset,40,49,react_capped,0.5405389299227745,20.20697886150538,19.87925695847965,3,1,0,0.9061306794650246,0.36559174954225004
bfcl_subset,40,49,bwk_vanilla,0.0178605307161277,19.186413192960767,19.87925695847965,5,0,0,0.9061306794650246,0.8882701487488969
bfcl_subset,40,49,cbuc,0.11798312592555549,6.451732347579248,19.87925695847965,6,0,0,0.9061306794650246,0.7881475535394691
bfcl_subset,40,49,cbuc_aggr,0.11317564408747705,10.036261966427462,19.87925695847965,6,0,0,0.9061306794650246,0.7929550353775475
